id_inequality,d_Hauptberuf,high,medium,low,unskilled
1.0,25514.0,272.2485124750312,5595.925262179944,5602.712473542726,14043.113751802299
2.0,20208.0,287.27352991072775,4568.483467758009,4765.876842629525,10586.366159701738
4.0,93696.0,2526.4974492092865,33917.82259770061,35151.06068241335,22100.619270676754
5.0,17766.0,157.23915267064604,3616.0541765976773,2373.010098736797,11619.696571994878
6.0,20770.0,124.34588938332824,4118.515059465844,2629.022041449106,13898.117009701722
7.0,17899.0,200.99527004010756,4170.661500019979,2562.443751545289,10964.899478394625
8.0,14083.0,101.11494749498664,2884.182014252473,1605.6331808180485,9492.069857434491
9.0,18128.0,283.21287114756194,4160.282849791089,3747.512211786411,9936.992067274938
10.0,16444.0,164.94253774229162,3930.2514660351817,2366.8001059279077,9982.005890294618
11.0,19220.0,125.40725836817126,4222.888997463131,1995.1655192903327,12876.538224878364
12.0,18482.0,130.66344999401565,4042.904488376357,2283.2080939872067,12025.22396764242
13.0,21563.0,231.62296842839348,4927.894411504254,3759.910821143128,12643.571798924226
14.0,23192.0,143.19600690958706,4829.972956290405,2441.5417960208565,15777.289240779151
15.0,20377.0,183.29282435194415,5091.054904829945,3194.157870555092,11908.494400263018
16.0,33406.0,503.4307514214416,7551.762586873376,9065.066412622287,16285.740249082895
19.0,25925.0,178.5293096651785,5552.141024048391,3985.7949434047187,16208.534722881712
20.0,23396.0,181.64561427246989,5283.607111062681,3622.863622722849,14307.883651942
21.0,27469.0,323.67024024421295,6657.245387323808,6076.939801846625,14411.144570585353
22.0,19110.0,147.89042684104726,4333.154283093441,2294.5545078578243,12334.400782207686
23.0,16411.0,126.78529511551643,3675.83312025726,1918.6641068385256,10689.717477788698
24.0,19895.0,108.24160515046907,3701.156973230135,2852.1630179541407,13233.438403665255
25.0,24413.0,142.60733552598646,4980.057843167988,3525.312398607294,15765.02242269873
27.0,14771.0,355.2287513090812,5468.683542830137,5179.509074304782,3767.578631555999
28.0,22112.0,101.52452644714668,3968.1792840273365,2904.8361860685027,15137.460003457014
29.0,23493.0,144.75952272903055,4764.753081939927,3413.7676893341604,15169.71970599688
30.0,19797.0,107.62554872803017,4211.417782333394,2743.3386675128313,12734.618001425744
31.0,19824.0,149.73904652717968,4324.936937220693,3233.79715947543,12115.526856776698
32.0,23384.0,286.9519978553048,5248.191100649068,5629.321738490914,12219.535163004713
34.0,11233.0,311.4906358324662,3547.878334651395,4820.087923346411,2553.5431061697277
35.0,20615.0,103.74067462782898,3994.7692700664047,2736.694243912929,13779.795811392836
36.0,13957.0,92.46017605188412,2909.066952271776,2347.2434097178393,8608.2294619585
37.0,14815.0,156.34297399289892,3326.6181657737843,2146.780988063339,9185.257872169977
38.0,20190.0,214.97095948674118,4080.5292842111053,4259.303911910487,11635.195844391666
39.0,17479.0,122.07772004875685,3623.440416488629,2403.6576975399944,11329.824165922619
40.0,24714.0,263.0847878276994,5505.903256952921,5018.457581055925,13926.554374163454
41.0,17338.0,169.31434416925987,4113.401148176215,3175.6439662405364,9879.640541413988
42.0,19473.0,153.19679037663929,4271.735818931909,3635.714713442869,11412.352677248584
43.0,19357.0,47.0443955568549,4396.639023167914,2578.429569344178,12334.887011931054
45.0,20094.0,505.9017687808192,8704.883019012443,5742.636539954719,5140.578672252018
46.0,16737.0,132.5134242208237,3610.011331917389,2239.0561361726477,10755.419107689138
47.0,26822.0,358.0054578230527,6507.193458351172,5189.090376875877,14767.710706949898
49.0,64132.0,1887.6983111388597,23808.380737379306,24869.707691895637,13566.213259586197
51.0,13901.0,158.79657012555217,3363.3618134002354,2817.0077488267516,7561.83386764746
52.0,17654.0,307.3638185674512,4658.975772263581,3345.5861585500174,9342.074250618949
53.0,15480.0,278.897267395733,4271.8958220612885,3051.955620594751,7877.251289948226
54.0,20684.0,248.7425901057685,4954.316872941088,3157.527446074201,12323.413090878941
55.0,20913.0,138.18456925161192,4395.9614052732695,2408.315055288563,13970.538970186553
56.0,28209.0,120.05524457898957,5197.659626451874,2799.699919392748,20091.585209576388
57.0,20007.0,269.7746298688691,5270.658148696931,3521.0301092842174,10945.537112149981
58.0,10159.0,45.3989523596582,1906.5864865186788,1659.146867835293,6547.867693286369
59.0,14381.0,115.14079951877767,3297.81919561811,1804.453069731212,9163.586935131902
60.0,28324.0,420.0628595165708,5974.520851947516,5274.071760020449,16655.344528515463
61.0,23125.0,275.26515774532567,5171.490549606292,5729.055995570177,11949.188297078206
62.0,21711.0,161.18650274322377,4639.097264256964,2548.9649541050017,14361.75127889481
63.0,23686.0,181.5650317041211,5015.864962045692,3794.4605441659396,14694.109462084249
64.0,19484.0,127.60775756070169,4259.249794882318,2663.0976731356895,12434.044774421292
66.0,17188.0,517.5117889631082,5062.0837457482785,8418.134821322134,3190.2696439664796
67.0,26657.0,389.0868943110009,4714.090317168733,7419.406371964955,14134.41641655531
68.0,20249.0,158.75523761107667,4595.400695139695,2850.751355805746,12644.092711443483
70.0,15616.0,466.02008124668276,4774.978604853251,7345.335660104296,3029.66565379577
71.0,19729.0,153.04810913103853,3738.6839262541876,3051.6192360404957,12785.648728574279
72.0,35495.0,414.8921453567999,7161.995263983348,7239.654213621112,20678.45837703874
73.0,12886.0,67.60933342299725,2713.5852796644085,1690.4102997715659,8414.395087141029
74.0,22214.0,223.8352783536968,4845.689997533977,3498.2001605341966,13646.274563578132
75.0,26805.0,247.7095009205654,5590.797428310523,4702.6154524708445,16263.877618298067
76.0,28163.0,193.92299946291828,5879.021280627578,3420.6473930094253,18669.408326900077
77.0,26670.0,234.35984152022485,6415.734397507818,3752.5856405516824,16267.320120420274
78.0,896355.0,19366.526125598586,379317.88799337833,292605.31070251757,205065.27517850546
79.0,28799.0,421.4556050605021,6957.719496425549,5062.188725864579,16357.63617264937
80.0,24656.0,223.8710366804856,5608.196715665875,3903.0972017675285,14920.83504588611
81.0,30774.0,464.82610257850945,7102.347462834428,6167.397085118897,17039.429349468166
83.0,43499.0,869.182512733603,12896.58052195903,8881.164833799874,20852.07213150749
85.0,181651.0,5900.111996847109,64915.67615521656,45052.77573304384,65782.43611489248
86.0,98945.0,4781.542015049291,37835.07631648802,32083.66317809728,24244.718490365412
87.0,71416.0,1659.2569832961258,29935.806973745173,19765.298584693785,20055.637458264915
88.0,59065.0,2700.174922464741,22852.323900610678,21303.469578671808,12209.031598252775
91.0,164658.0,7021.804136416365,52894.31171930705,46317.140788278375,58424.74335599821
92.0,22225.0,280.97715996581957,5739.850685507423,3033.9051758732057,13170.266978653552
93.0,42164.0,940.1774762239378,8575.428069340951,13761.876739429244,18886.517715005866
94.0,41854.0,601.3954860091825,10211.348887088308,5709.601335311198,25331.654291591312
95.0,27092.0,1401.0009252062127,7999.814797553052,12709.979230655044,4981.205046585691
96.0,33091.0,1332.686405974202,11216.374058803034,10437.992604198682,10103.946931024082
97.0,41439.0,1073.4607338026735,9327.360098622103,11440.661795511134,19597.51737206409
98.0,22999.0,683.4775746430057,8052.964724500913,7958.990239234894,6303.567461621187
99.0,31020.0,412.0982110507146,9241.060550410299,5060.601940102059,16306.239298436929
100.0,37902.0,648.7604541095682,9462.898442719375,7354.550802750144,20435.79030042091
101.0,33132.0,298.72197754165177,8079.974410497414,3984.6780241343304,20768.625587826602
102.0,36631.0,560.1011691387912,10070.338048185113,6442.797039368068,19557.763743308027
103.0,41442.0,444.91387339935153,10204.712728719993,8171.294106814249,22621.079291066406
104.0,22699.0,185.98552374815083,5636.396740563729,3379.691587361368,13496.926148326753
105.0,18687.0,159.7679846833338,4448.494310794305,2872.624345600897,11206.113358921462
106.0,24237.0,196.2434580533208,5663.900972740967,3995.673805644459,14381.181763561253
107.0,39322.0,477.8161727981595,10550.841060427194,6954.561501935327,21338.78126483932
110.0,43535.0,598.3367467997875,11721.658710537056,7780.405038252276,23434.59950441088
111.0,24702.0,718.413430307343,9149.443077122527,8619.81988950393,6214.3236030662
112.0,20883.0,192.47940014817334,4706.553129927732,2964.384445491871,13019.583024432224
113.0,19745.0,162.39251047520156,4374.14374104204,3220.860364820589,11987.60338366217
114.0,22504.0,239.90960302790026,5338.7635909739165,4798.3834002378735,12126.94340576031
115.0,28716.0,246.02292477358225,5937.783575037125,6056.713210529995,16475.480289659296
117.0,15697.0,229.3333009899286,4386.986851228845,5918.647169589026,5162.0326781922
118.0,22086.0,185.57872436711222,4261.616643163706,3691.597441924972,13947.20719054421
119.0,17202.0,165.430500229079,3791.741921253876,3448.4181230552913,9796.409455461753
120.0,34784.0,258.0623280175831,7786.240267649622,7420.122717183354,19319.57468714944
121.0,39097.0,340.01079502434436,8668.755906999035,10232.337446436934,19855.895851539688
123.0,20143.0,395.85643440412844,5884.092315143141,8357.226571872914,5505.824678579817
124.0,27276.0,163.77204485934536,5014.40818690862,4641.458693013104,17456.36107521893
125.0,15360.0,183.851335235254,2980.3027957292434,6475.420980840509,5720.4248881949925
126.0,40540.0,387.82593333106854,8563.483190332698,10433.519193038373,21155.171683297856
127.0,15907.0,142.46323555180916,2959.4129513796615,5269.624294103847,7535.499518964682
128.0,21076.0,228.87826747198872,5648.427056914175,3412.9125340171686,11785.782141596666
129.0,14668.0,174.06479262156236,4039.158050794309,2290.511214058477,8164.265942525651
130.0,25738.0,419.88468418627656,7167.342253421862,6656.663595778238,11494.109466613623
131.0,20108.0,287.01383183780155,5079.488280153441,4805.094035237445,9936.403852771313
132.0,39193.0,647.8870887805974,10366.619692213888,6188.165494692192,21990.327724313323
134.0,85523.0,2247.9036252589913,35243.00501683269,26356.45799784802,21675.633360060292
136.0,20831.0,172.65747201134758,5081.061852086097,2718.5003405139146,12858.780335388641
137.0,21712.0,135.12259298444437,4879.085429887524,2324.8539355161083,14372.938041611924
139.0,9659.0,275.8809247075179,3294.032411960489,3943.553788628335,2145.5328747036583
141.0,19516.0,87.71355861692359,4222.873501134511,2011.7617475247694,13193.651192723795
142.0,23155.0,180.2098014437783,5638.799165987399,2778.0915666047767,14557.899465964045
143.0,18000.0,114.16425831450854,4051.798377333835,2112.8237055941913,11721.213658757464
144.0,17630.0,218.57893936066188,4121.38834581495,2710.1367772509375,10579.895937573452
145.0,19212.0,186.24616736536404,4569.566276518634,2224.5630248907505,12231.62453122525
146.0,8916.0,59.239774513399965,2185.3483381655087,1162.3341605141916,5509.0777268069
147.0,14642.0,114.57758325888254,3693.2074686182877,2117.796857599932,8716.418090522897
148.0,32498.0,244.6172957852391,7520.422129561044,3853.5249357315492,20879.43563892217
149.0,20811.0,178.3218421593868,4968.839346600622,3063.6939126371285,12600.144898602863
150.0,25733.0,394.94090062485554,6628.415885143138,5167.8465866874085,13541.796627544598
151.0,21439.0,277.54230233600435,5609.611072951906,3786.8068142795055,11765.039810432585
152.0,8982.0,63.026468854478296,2141.079817157681,997.8339375646879,5780.0597764231525
153.0,33969.0,209.08446214765866,7601.885719636784,4126.675233365786,22031.35458484977
154.0,15099.0,99.27143374451663,3399.369259565876,1763.920853114464,9836.438453575143
156.0,10948.0,274.0450503396681,4324.902692100283,3591.6245118006955,2757.427745759353
157.0,29985.0,153.49168186618425,6490.607453914419,3016.0208855338788,20324.879978685516
158.0,18430.0,189.73563488137214,4628.385732882567,2552.289045044016,11059.589587192046
159.0,10432.0,72.7600115546648,2528.5271662366713,1318.4134543050664,6512.299367903598
160.0,21330.0,264.8646458484803,5425.468391057457,3894.883669311649,11744.783293782413
162.0,12285.0,294.21156192237504,4116.450522171432,4755.220156429866,3119.117759476328
164.0,17749.0,167.41267278785227,3610.8800179936725,2587.933702301382,11382.773606917093
165.0,26130.0,430.3070890760547,6732.509586351568,5720.539630234995,13246.643694337381
168.0,16484.0,131.95308950796777,3221.4916745572436,1947.0478648983224,11183.507371036467
169.0,15083.0,147.74354988815492,3334.209023743826,2565.227440336298,9035.819986031722
170.0,18069.0,125.08255731224864,3487.4458194228982,2853.646910883111,11602.824712381744
171.0,18970.0,97.5685546282684,3790.043058521357,2296.1876391314413,12786.200747718933
172.0,21307.0,136.26157960637516,4447.40799456397,3115.262721626593,13608.067704203062
174.0,53419.0,1593.3038878491911,20353.35362821197,20761.33099542184,10711.011488516999
176.0,23062.0,479.507299174831,3869.3491185140815,8599.796862521634,10113.346719789453
177.0,14762.0,74.83953810515779,2696.8859233712137,1790.2530525407128,10200.021485982918
178.0,21485.0,134.9468933612725,4569.195126825997,2944.84216956165,13836.015810251081
179.0,23595.0,174.82281092864895,5277.053229332632,3348.623222164346,14794.500737574373
180.0,11797.0,100.51997663107866,2597.338223074622,1704.0410733878214,7395.1007269064785
181.0,9210.0,64.830886883527,2124.1873273246765,1468.560476747287,5552.421309044509
182.0,22298.0,189.94484545876247,5027.541422763136,3395.7610056452377,13684.752726132863
183.0,13301.0,57.291142864939985,2797.9609296577137,1645.037785361191,8800.710142116155
184.0,13058.0,99.67136800536701,3173.715025614434,1804.1563274449245,7980.457278935274
185.0,25240.0,137.21917890388642,5216.790447289919,3352.26966043114,16533.720713375056
186.0,12915.0,125.09310741236263,2922.4365598723634,2330.005067483405,7537.465265231869
187.0,14665.0,60.304208029394914,2927.555569742024,1722.686735883708,9954.453486344873
188.0,18422.0,117.85509772181399,3840.392972781351,2642.628428999814,11821.12350049702
189.0,17337.0,214.11652859562548,4363.886619660687,3627.1169329669447,9131.879918776744
190.0,19646.0,195.0513277705984,4432.472572864091,4146.458736239423,10872.017363125888
191.0,18230.0,110.05816536713581,3867.8055618683666,2212.632769157318,12039.503503607179
192.0,12919.0,67.0438225866137,2611.6351278665384,1589.398200231186,8650.922849315662
193.0,17607.0,157.89423622654834,4293.736876189042,2945.739590815381,10209.62929676903
194.0,11288.0,72.17439539447791,2649.8253737680584,1460.003074938395,7105.997155899069
195.0,14352.0,161.38347486507794,3449.006016355951,2557.5497222914014,8184.060786487569
196.0,12732.0,52.95360162217361,2387.1990788098883,1436.7938936323121,8855.053425935626
197.0,12488.0,62.71920574017858,2369.0236084453536,1509.5258013032872,8546.731384511182
198.0,13573.0,78.3778238499969,2854.636560640736,1765.7612447076972,8874.22437080157
199.0,13186.0,113.73348556480975,2738.5199388989795,1810.3594272770208,8523.38714825919
200.0,15243.0,129.1329955082689,3582.1606100240288,2155.008464828423,9376.69792963928
202.0,27886.0,415.96314018314706,6517.358324641131,5832.069771258387,15120.608763917335
203.0,27281.0,173.13026016600853,6217.983363511006,3164.8144636884003,17725.071912634583
205.0,20440.0,566.3072017173629,6888.09937657485,9327.966840383178,3657.626581324609
206.0,35168.0,413.36567618892093,8873.226076090097,5759.292336973406,20122.115910747576
207.0,17729.0,100.53048145705401,3648.6556253485637,1676.0547165996963,12303.759176594685
208.0,29396.0,350.0803573841252,6804.427896332056,5559.583300360542,16681.908445923276
209.0,13643.0,111.44646523473278,3060.8629016617197,1508.0738846791564,8962.61674842439
210.0,18839.0,124.17353616512443,4197.626068898175,2093.6731686944327,12423.527226242268
211.0,16785.0,91.04514604833048,3479.2505271786167,1634.5129201744799,11580.191406598573
212.0,19672.0,140.6467999348611,4234.158830228993,2069.0258728774397,13228.168496958706
213.0,22775.0,324.7931867740063,5740.484465983495,5872.680254143901,10837.042093098598
214.0,11957.0,58.87458292325343,2345.178165680205,1146.0050361453439,8406.942215251198
215.0,16050.0,79.1721904585572,3589.9976682525494,2426.8679661771903,9953.962175111703
216.0,20541.0,81.24115435619893,4288.3102530658125,2736.325082096952,13435.123510481037
217.0,31289.0,295.4876122554192,7035.565245995293,6184.907951901839,17773.039189847448
218.0,25231.0,160.3881778762599,5431.8476609279005,3766.2013527751506,15872.56280842069
219.0,22444.0,145.34282857888923,4769.425658948024,3695.6459880189964,13833.58552445409
220.0,16885.0,81.41845336655199,3657.7108736630844,2473.160849911813,10672.70982305855
221.0,11584.0,92.61980437857815,2605.7078923221397,1844.707394461082,7040.964908838199
222.0,21388.0,177.92527882929883,4752.7415314157715,3447.2309549247566,13010.102234830172
223.0,27252.0,240.41483703389417,6245.830327037829,4586.123481279417,16179.631354648858
225.0,192702.0,4457.468333413865,84194.10779338694,61172.62843656934,42877.79543662985
226.0,41729.0,717.0392259499152,9095.141617022991,7469.39397219521,24447.42518483188
227.0,26650.0,213.72297235309856,5640.5165478969175,5576.596432162166,15219.164047587818
228.0,31152.0,451.9969113410413,7244.690224267571,7879.700659370814,15575.612205020574
231.0,16778.0,98.26414673401146,3738.6023347118025,3064.916429188743,9876.217089365444
232.0,14368.0,110.62948143155496,3117.3705232827633,1951.9807427475685,9188.019252538114
233.0,15748.0,114.71911229472687,3390.9230327344076,2494.3334724977854,9748.02438247308
234.0,21481.0,223.47296130086517,5201.634326178175,4128.665280273775,11927.227432247184
235.0,34552.0,298.68386825747234,6788.368191933041,11661.52699732012,15803.420942489367
237.0,12615.0,309.69348916467663,4158.115628283027,5435.231734603827,2711.959147948469
238.0,32287.0,338.07294645955943,8343.261757548009,6151.854011344749,17453.811284647683
239.0,19209.0,196.5962134916429,4426.987092868946,3950.091437683148,10635.325255956264
240.0,64839.0,824.9292453401354,14373.800427158616,24779.183271847964,24861.087055653286
241.0,32206.0,373.3797062237695,8260.225191720681,8361.428236763688,15210.966865291863
242.0,22129.0,171.6050910026939,4763.866719622354,6565.547659522367,10627.980529852583
243.0,30077.0,268.6033598222565,6489.531887578396,6736.880634712188,16581.984117887157
244.0,27531.0,230.3396296607102,6979.358671104781,6428.3730364818075,13892.9286627527
245.0,26583.0,263.56261378104625,6166.962283439138,5512.2836978887035,14640.191404891113
246.0,31674.0,373.54101730263983,5886.433446196561,10438.825620532878,14975.19991596792
247.0,18747.0,189.6708164437427,4622.874687913715,3942.296842609905,9992.157653032637
248.0,36284.0,445.20231005076056,8919.704045473522,8892.460986305181,18026.632658170536
249.0,16081.0,173.1632907061067,3672.6067352942546,3422.5190322155504,8812.710941784087
250.0,29496.0,281.5815484773952,7253.579643216813,6289.144710861407,15671.694097444386
251.0,25824.0,227.07074168458627,6226.68298279406,4955.507327674123,14414.73894784723
253.0,24804.0,519.481515429628,9545.916450669834,9013.182308681828,5725.41972521871
254.0,21781.0,142.25357162323684,4790.227724167096,3349.823235631712,13498.695468577955
255.0,16877.0,218.20943428830046,4419.14701203436,4255.545203875296,7984.098349802044
256.0,13179.0,94.87835589746115,3062.8072658014225,2160.5481654335154,7860.766212867602
257.0,13579.0,107.80319683896914,3090.9952928410876,2808.142546995321,7572.058963324623
258.0,24528.0,223.07290962952848,5325.082815005076,7729.700216724729,11250.144058640666
259.0,38616.0,714.6094820309725,11432.519921585454,10463.515248470792,16005.35534791278
260.0,32791.0,314.65513772782697,8415.65739303018,6264.56326983775,17796.12419940424
261.0,34989.0,305.76285050576695,8355.210645164483,9421.832876326744,16906.193628003006
263.0,32104.0,698.224100371775,13403.05735341825,10267.687680586745,7735.03086562323
264.0,23731.0,247.46941053517264,5230.370592541486,5948.562730570635,12304.597266352706
265.0,29789.0,264.18129301882084,6214.612811666546,7559.201979046562,15751.003916268071
266.0,18959.0,173.2839465733543,4008.5881675634396,3679.587241387829,11097.540644475377
267.0,20219.0,194.33725270766115,4449.018278033424,4602.510923256621,10973.133546002293
268.0,20246.0,102.99213460624054,3506.940082096679,3765.3819591467627,12870.685824150318
270.0,10665.0,221.82070817403806,3338.225448498695,3969.9578687979315,3134.995974529336
271.0,43972.0,333.30828005248634,8118.488892581421,8334.11274144971,27186.09008591638
272.0,29238.0,268.4602371810946,5817.192103388453,5915.4925995532285,17236.855059877224
273.0,20731.0,147.08352074381344,3614.6353844588566,4170.847803328013,12798.433291469319
275.0,21709.0,495.3571345184574,8080.674045875089,7221.174256241627,5911.794563364827
277.0,30580.0,292.6963630671655,6241.650458807977,6260.5653001074,17785.087878017457
278.0,24778.0,398.3740832877868,4319.667909598179,9262.974456149084,10796.98355096495
280.0,21974.0,465.13691359833024,6868.541523202461,7495.378932602351,7144.942630596858
281.0,57744.0,947.8543045912936,10203.921960083462,20396.21912887059,26196.004606454655
282.0,21547.0,366.0736724311623,5966.405467384266,6870.400041537337,8344.120818647236
283.0,43342.0,621.2274054975187,9059.065537560278,16569.301109269134,17092.405947673073
285.0,13684.0,296.04199344718324,4999.2801829019845,4631.045424949968,3757.632398700864
286.0,59968.0,898.0861109127791,11527.250132708708,22342.322535702267,25200.341220676244
287.0,51027.0,422.86470381890206,8480.743754437684,11494.712717175527,30628.678824567884
288.0,41409.0,388.3104422578601,7745.129946164532,11514.383460490106,21761.1761510875
290.0,12084.0,256.67732956823966,4081.635238131001,4240.04382264106,3505.643609659699
291.0,49987.0,376.39960390175617,10295.79785560242,11013.898996196225,28300.9035442996
292.0,32015.0,277.6413977406283,6536.421269356122,7338.651005654314,17862.286327248938
293.0,37668.0,249.57874801329535,7539.672223149254,8512.433239269028,21366.315789568423
294.0,42384.0,314.89395230855973,9758.61055534672,9676.507918490284,22633.987573854436
295.0,21813.0,280.8923701119001,3613.719536998611,7221.841784976336,10696.546307913153
296.0,43756.0,555.2985575879254,10982.536689693507,10889.748171373762,21328.416581344805
299.0,19145.0,119.71702174005607,4130.359138936532,3841.1175451407325,11053.80629418268
300.0,24756.0,195.85935075564666,5352.632722072365,2694.4111582852406,16513.09676888675
301.0,31070.0,272.57209732200647,6851.230957286398,4063.2566823777534,19882.940263013843
302.0,28669.0,288.55930330090854,6810.0212140715175,4047.8981706469376,17522.521311980636
303.0,33573.0,710.4446647470209,9377.622529722945,7212.924097298824,16272.008708231211
306.0,44485.0,666.0495507971668,11627.426294791268,11117.240703326399,21074.283451085164
307.0,27655.0,260.30344757811514,6196.357475812369,3706.412121924638,17491.92695468488
308.0,43022.0,935.3121120668164,11818.776116181414,8540.242864737842,21727.668907013925
309.0,37695.0,794.2261097952531,10889.892600399091,5960.136253971786,20050.74503583387
311.0,97120.0,3077.4637134254376,38277.58598148935,31874.138380330827,23890.811924754384
313.0,24730.0,291.5519927530979,6387.541694890089,3483.4179077878807,14567.488404568932
314.0,29664.0,343.1983996507861,7138.726402076335,5897.849863171696,16284.225335101182
315.0,25649.0,394.9511506355809,6558.696448371563,4610.532434191055,14084.819966801802
317.0,10259.0,254.98059252134908,3513.4709131163117,2802.2234794992755,3688.3250148630636
319.0,31022.0,502.36102706093726,8520.767279719754,5910.310654968896,16088.561038250413
323.0,18153.0,456.4771968654982,5840.911144390592,7013.333902274643,4842.277756469266
324.0,19660.0,224.0035267733999,4850.796784547594,2796.696362857032,11788.503325821974
325.0,14808.0,280.1107679022559,5020.8124132154935,3651.2802535066003,5855.796565375651
326.0,26873.0,339.7861812497446,6629.325480273968,5283.466925903409,14620.42141257288
327.0,26320.0,353.48576644138177,6303.909667866443,5314.923161475238,14347.681404216939
328.0,21002.0,169.84337768008308,4853.459532097813,2422.336443812449,13556.360646409656
329.0,30045.0,495.40055178503076,7712.95561947843,7106.083346134761,14730.560482601779
330.0,29316.0,507.79624861022484,7504.497652981054,6172.376150521314,15131.329947887407
331.0,32694.0,485.8356040332005,8347.158317927597,5916.066062153277,17944.940015885928
333.0,64009.0,2306.4540558661683,25244.41760021101,20069.63698044134,16388.49136348148
335.0,32623.0,401.1655797033691,9347.496379628537,5176.652381715884,17697.68565895221
336.0,24369.0,373.0701005792904,5682.417572168284,6346.941224519148,11966.571102733278
338.0,41201.0,581.3258631333406,9723.965419550272,9784.96134338704,21110.74737392935
339.0,32410.0,428.1402507442382,8484.211685774997,6006.707692071383,17490.940371409382
340.0,20580.0,158.804988311568,4954.375389709812,2548.086940894026,12918.732681084593
341.0,28765.0,258.0065584528536,7307.282335931281,3852.5629308919024,17347.148174723963
342.0,36711.0,614.5443790795279,11539.951437840153,6778.452277599328,17778.051905480992
344.0,12329.0,235.32653575902452,6504.258409416332,2835.5348786044406,2753.880176220203
345.0,30136.0,305.21004828057403,8002.957672077551,6325.741739704685,15502.090539937191
346.0,17095.0,375.4668571990158,5012.2800863096,4711.699736710658,6995.553319780727
350.0,11505.0,236.39224576287899,4865.892249866825,3252.5656474970474,3150.1498568732486
351.0,13675.0,139.86028965206663,3890.6106537019286,2736.847374199957,6907.6816824460475
353.0,11614.0,262.46129992760655,4272.139446929209,4245.524352188847,2833.8749009543376
355.0,21633.0,305.55765707385245,5598.636264279201,5240.786675436153,10488.019403210794
356.0,18815.0,188.39116642549118,4446.142155191057,4528.417605866423,9652.04907251703
357.0,17160.0,193.4123354302023,4450.068986942373,4412.688910721031,8103.829766906394
359.0,12437.0,259.1281866081469,4795.734506640937,3924.361094699102,3457.7762120518137
360.0,17744.0,117.28294919198194,3247.6802613554937,5008.386533659023,9370.650255793502
361.0,19685.0,217.26063153033672,4797.868002214366,4299.933445777721,10369.937920477576
362.0,13402.0,117.98592298505848,3284.8134317195436,2144.218017777941,7854.982627517458
364.0,39693.0,1118.2424057968167,17766.15389027429,11303.733729491147,9504.869974437745
365.0,16069.0,195.9702274228825,4766.313338604308,2591.9675624425035,8514.748871530306
366.0,8569.0,99.21723212501274,1931.7777041517384,1867.9660739137007,4670.038989809548
367.0,21231.0,347.138995527081,7017.468607285424,5571.92463905691,8294.467758130586
368.0,27503.0,268.60562408232335,7639.864370419813,4501.837649675663,15092.6923558222
369.0,11923.0,131.60043485005426,3599.121224053699,1908.707903517997,6283.57043757825
370.0,17047.0,217.0695288111534,4745.289577448601,3493.587062692016,8591.05383104823
372.0,18148.0,535.7117454748284,6552.346357992845,6686.659802836016,4373.282093696312
373.0,20361.0,221.60253316371603,5536.094081893444,3295.566485862636,11307.736899080204
374.0,27911.0,457.23913803329896,8083.8044550504765,5872.972045334965,13496.98436158126
375.0,18410.0,289.1324282468487,4865.603276879168,4394.609883379092,8860.654411494892
376.0,5780.0,114.94496897599777,1901.4725169147073,952.0122419633102,2811.570272145985
377.0,15765.0,217.62633271633445,4687.678472172534,2438.2522608596564,8421.442934251474
378.0,25299.0,311.9376795346234,7564.660853212756,3673.7851539453336,13748.61631330729
379.0,17281.0,172.40913557325064,5514.279774015378,2633.0668746862193,8961.244215725152
380.0,21383.0,369.6906092750072,7169.576553446145,3818.7510023402674,10024.98183493858
382.0,81113.0,3036.6090430811937,25346.835346412372,36285.98684042358,16443.568770082853
384.0,12345.0,306.4740493119759,3565.035396901758,5182.724812872761,3290.7657409135054
385.0,19200.0,403.18639036277966,6161.3967373784235,3235.8390729274574,9399.577799331339
386.0,29180.0,441.0589404613761,8315.938326522159,6101.746770168822,14321.255962847643
387.0,15547.0,173.45128260379315,4966.731016088917,2509.2628209853015,7897.554880321988
388.0,20130.0,257.79142708995846,6113.434092504365,3326.6118706564384,10432.162609749237
389.0,32982.0,483.11986446992694,9670.636305658889,6565.690631536108,16262.553198335077
390.0,17999.0,150.9100032646871,5535.607491404628,2263.541684659432,10048.940820671254
391.0,12529.0,265.38746678874963,3889.600425921232,4417.938902205504,3956.0732050845154
392.0,32802.0,496.2826159731824,10421.340170962703,6319.431058542612,15564.946154521502
393.0,42548.0,628.2746713401807,14356.92389728707,9002.08283271593,18560.718598656822
395.0,70713.0,1551.8129594236818,23539.729616182394,25603.022151059165,20018.43527333476
397.0,24751.0,327.119143090141,7170.8782982203975,4181.533138310243,13071.46942037922
398.0,11459.0,57.43247969351773,2431.218204242884,1765.0297595029228,7205.319556560676
399.0,21284.0,133.26187689307474,4937.801644852218,3447.617190254605,12765.319288000102
400.0,14684.0,72.32604205691528,3328.33158187574,2230.485185685896,9052.857190381448
401.0,12215.0,127.96720332976514,2861.252061328035,2576.4627355714424,6649.3179997707575
402.0,14491.0,74.9020277220746,3144.213759372551,2169.2635565866167,9102.620656318757
403.0,11524.0,38.167324208754465,2353.8096183435905,1658.3313650441407,7473.691692403514
404.0,16082.0,178.5588107709396,3668.2576617214463,2995.151542358198,9240.031985149417
406.0,100184.0,2917.4181932086726,39845.79160820788,32700.641436011367,24720.14876257208
407.0,21357.0,438.98213175927845,5953.181149534909,3543.38894943986,11421.447769265951
409.0,22910.0,668.5051047481262,9370.123953061353,5345.596105003585,7525.774837186935
410.0,20955.0,397.78011270449423,5939.960360647598,4511.533710334925,10105.725816312985
411.0,15022.0,127.05191514814726,4980.945758063408,2636.7356164539992,7277.2667103344465
412.0,25827.0,353.3505198973759,7526.239029027373,5744.633724213498,12202.776726861754
413.0,21088.0,264.9761429683905,5289.237743712894,3822.4485778272215,11711.337535491493
415.0,15799.0,530.9616728011802,6359.536404892044,4893.518020702792,4014.9839016039846
416.0,13083.0,126.78384054541024,3624.443835420634,2297.5134000938124,7034.258923940143
417.0,19708.0,225.96277067357835,5225.723898589442,3133.8778422526248,11122.435488484354
418.0,9307.0,139.80688367972442,2469.2338448804735,1829.8479476026826,4868.11132383712
419.0,13368.0,158.7136563857607,3317.2356168604488,2892.352096349511,6999.698630404278
420.0,22017.0,412.47968950317954,6243.499701927877,5401.663641420725,9959.356967148218
421.0,18382.0,207.67210283209045,5645.520550319623,4033.2021808854206,8495.605165962867
422.0,9981.0,82.14098951455671,2446.9899524881107,1959.6985297284045,5492.170528268928
424.0,12290.0,483.21826425681604,4593.817942739625,5007.4210267319095,2205.5427662716497
425.0,12290.0,483.21826425681604,4593.817942739625,5007.4210267319095,2205.5427662716497
426.0,10511.0,195.22951545348047,2488.212314778508,3135.757480041567,4691.800689726446
427.0,8460.0,86.26576549811068,2020.526895505241,1936.1838607291943,4417.023478267454
428.0,11158.0,119.96756027692531,3226.1771679933454,2057.165683054498,5754.689588675232
429.0,13807.0,164.8765513430309,3700.0204643872835,3003.5235155596665,6938.57946871002
430.0,11792.0,224.52419103775736,3133.122031300728,4390.569898846276,4043.783878815238
431.0,6656.0,101.26392514417392,1788.8214721879544,1546.6765606920408,3219.238041975831
433.0,8172.0,240.10647424814027,2716.4843319065358,3346.7686265047532,1868.6405673405704
434.0,20493.0,160.66571565626123,4233.844772319973,3466.9613525370555,12631.528159486712
435.0,19920.0,131.0863003333896,4396.478520392229,3065.220511825648,12327.214667448734
436.0,22725.0,300.9082587375032,5507.2681559059365,4114.695949740059,12802.127635616502
437.0,11130.0,54.17944063066038,2624.852109416176,1514.1341673135491,6936.834282639615
438.0,15510.0,114.88289798050009,3658.3058504521887,2286.8912061252267,9449.920045442084
439.0,15861.0,290.2717128703352,3156.175544563244,6148.76691851863,6265.785824047791
440.0,26114.0,253.31472239186803,6721.9611140721845,4363.515409350317,14775.20875418563
441.0,17647.0,77.01665209160362,3680.94739206658,2439.4298168107134,11449.606139031104
442.0,6752.0,55.20636465264511,1603.8302599354256,1021.4404583320525,4071.5229170798766
443.0,10827.0,66.33461530392215,2471.3896964300143,1521.0418981343116,6768.233790131752
445.0,9525.0,272.50101347258493,3453.7702629104606,2887.0467432882565,2911.681980328698
446.0,11801.0,97.57992595595887,2450.759638734193,2072.1213412802763,7180.539094029573
447.0,14624.0,104.32297608316172,3483.7224411426405,2071.040732453269,8964.913850320929
449.0,24005.0,662.9061977953911,7279.567923792224,6645.47171143896,9417.054166973425
450.0,26654.0,528.56664130908,6645.291595796606,5252.663017376019,14227.478745518296
451.0,8953.0,95.54806960132625,2481.251638625242,1615.9974985122417,4760.202793261191
452.0,18156.0,236.9755305491896,4894.145641148338,3902.625141152238,9122.253687150234
455.0,8906.0,55.17530110806043,2147.6863705891465,1481.1508939274827,5221.987434375311
456.0,12268.0,77.75345156025924,3116.305356989263,1888.3026450806306,7185.638546369847
457.0,6537.0,59.866623656502924,1866.8689852094162,1139.9298661028988,3470.3345250311822
458.0,21397.0,319.5867611784583,6599.970354406113,4802.378732018913,9675.064152396517
459.0,21171.0,359.0797728021232,6412.340940370482,5187.094420728255,9212.484866099141
462.0,13251.0,124.48269487347591,3467.8064058898176,2398.690557569048,7260.0203416676595
463.0,13957.0,315.8714370574455,4176.81606395455,2867.1278976208478,6597.184601367157
464.0,12695.0,160.8531005787758,3156.052858408843,3261.2857917280257,6116.808249284355
465.0,12234.0,170.01204237522893,3032.1229514880106,2838.5978596800464,6193.267146456715
466.0,11765.0,108.82417676789635,2922.035744906434,1910.418863216289,6823.721215109381
467.0,8981.0,44.774563709390364,2127.7593293823497,1319.703336503354,5488.762770404906
468.0,9597.0,66.00363510083776,2254.00343635058,1521.1533430024106,5755.839585546172
469.0,12909.0,95.95491140443158,2611.9134079100045,2640.943602172757,7560.188078512807
470.0,10671.0,103.44507162956425,2270.9451556857193,2200.869963011483,6095.739809673234
471.0,9236.0,29.980710564037853,1668.636375898385,1713.1019086201763,5824.2810049174
472.0,15907.0,165.31089950068412,3687.6073294218586,3295.370147246236,8758.711623831223
473.0,18956.0,116.85078636965527,3448.270797772086,4806.592013524292,10584.286402333966
474.0,24805.0,127.65323539877151,4974.669122469835,4980.267567722902,14722.410074408494
476.0,22873.0,562.7774884381104,8237.708404161447,8228.833672417508,5843.6804349829345
477.0,14189.0,167.73521609727555,3336.324856633181,3048.005523042499,7636.934404227045
478.0,10122.0,42.763332222974654,1900.743826137816,1903.1047705353938,6275.3880711038155
479.0,14507.0,86.82269223083428,3422.4021252447383,2784.803496147162,8212.971686377266
480.0,14400.0,111.55382648989472,3486.9766836085973,2760.7275529609014,8040.741936940607
481.0,15518.0,211.00667109429662,4172.888962762011,3259.210847068207,7874.893519075485
483.0,8338.0,258.54711594852506,2866.393995850393,2277.830966334939,2935.227921866143
484.0,10168.0,183.56983224307962,2565.519315011601,1994.0777246270975,5424.833128118222
485.0,26669.0,742.8800488106511,6163.431384200472,7589.895793681006,12172.79277330787
486.0,18548.0,190.34095410755134,3636.398079770676,3678.3974364868536,11042.863529634918
487.0,24895.0,242.07002333785306,5201.718661284683,4919.140207477141,14532.071107900323
488.0,8940.0,75.28870331097498,2068.973983422742,1682.8941941098224,5112.8431191564605
489.0,26919.0,193.78632148029857,5769.201626037795,5333.189958625411,15622.822093856495
490.0,14757.0,74.6709759424595,3590.3790207806856,2843.302553372218,8248.647449904636
491.0,24912.0,248.68143217562204,6617.989108436414,4785.086237014299,13260.243222373665
492.0,21948.0,177.62560095654902,6076.620709952913,4395.436105020843,11298.317584069697
494.0,30163.0,942.6841924367686,10590.095313686703,12496.195412328894,6134.025081547635
495.0,19938.0,183.69971237299515,4833.871483698465,4072.1120930206653,10848.316710907875
496.0,32933.0,320.45555783815723,6379.621109352389,10465.120932341186,15767.802400468267
497.0,22859.0,226.9282236154791,5612.306241768747,5501.344752266029,11518.420782349745
498.0,22658.0,186.05322427541617,4580.577216457549,5818.279159473335,12073.090399793698
499.0,29295.0,224.30909439395634,5826.087809921246,7928.628003191694,15315.975092493103
502.0,16890.0,275.9621751175211,3850.41737906548,7021.446976092345,5742.173469724655
503.0,84333.0,1122.3655023221345,16325.545551439878,33057.965697633066,33827.12324860492
504.0,45214.0,544.4554954300093,11084.292966301095,13920.228086978532,19665.023451290363
505.0,25882.0,103.19375269157123,4628.871134826535,6937.575557616231,14212.359554865663
506.0,50109.0,381.59981659460806,11815.04240867641,18647.5826888355,19264.77508589348
509.0,15357.0,69.60828420597319,3356.462995982297,3357.4949138894776,8573.433805922252
511.0,29681.0,788.7222863206716,13276.919967036367,7710.9717604142925,7904.385986228669
512.0,27149.0,608.7860915179988,7839.627120679635,7366.601564462703,11333.985223339663
513.0,25734.0,209.49807936657135,6571.870488481729,6264.17982615047,12688.45160600123
514.0,32286.0,676.6829223755227,7881.12286523746,13013.423363614898,10714.770848772117
515.0,15651.0,132.53949642953827,3712.121247050839,3337.8635531254536,8468.47570339417
516.0,12203.0,142.229546385918,3302.1701570578066,2878.54869348723,5880.051603069046
517.0,22089.0,246.0906859558102,5781.0952462917085,5591.240303330602,10470.573764421879
518.0,22645.0,424.8290095681331,6997.532285115597,5203.701386504179,10018.937318812092
519.0,16106.0,174.11773154749443,4104.42792970875,4078.8836676189676,7748.570671124788
520.0,16896.0,325.8040195128177,4218.104692484163,3690.4723463602886,8661.61894164273
521.0,18388.0,235.83294059773158,5540.53717580169,4148.367394869727,8463.262488730852
522.0,23466.0,357.9553161420124,6679.421534264595,5587.568487577754,10841.054662015638
524.0,14633.0,280.56488057892284,5366.2678474896975,4073.8077429593477,4912.3595289720315
525.0,32285.0,413.98185780017315,7804.809716649072,9917.726154345573,14148.482271205183
527.0,71723.0,1880.3971668930853,25699.40961421674,20544.809323309797,23598.383895580377
528.0,65444.0,870.3531100251923,13237.700720974759,26625.097754882354,24710.848414117696
529.0,42774.0,767.1250412160562,9869.090268244952,14073.648666923613,18064.136023615378
533.0,45991.0,941.8928446039499,13273.166268291165,17513.79990198132,14262.140985123566
534.0,41698.0,641.859177487778,7496.6297064948285,16936.656949120767,16622.854166896628
535.0,12894.0,392.39141196193174,4126.599085980205,3997.353192179313,4377.65630987855
536.0,12307.0,224.739694582431,3405.6661200529484,4789.0310232864485,3887.563162078172
538.0,50213.0,867.3137165741053,13151.253425563269,18490.957666294405,17703.47519156822
539.0,39490.0,552.9339687027687,7233.324990681398,18040.93108701349,13662.809953602344
540.0,30379.0,511.32409653402186,6599.494788882574,10754.807692041959,12513.373422541448
542.0,31575.0,689.8468181687434,11793.045851535617,9515.39440867777,9576.71292161787
543.0,24672.0,591.4319749911118,8357.295804399137,6387.436100065966,9335.836120543787
544.0,31447.0,439.9253997021331,10578.280117715132,8930.163542262704,11498.63094032003
545.0,36130.0,462.4665990416198,11236.394557202735,9122.882118198477,15308.25672555717
549.0,45357.0,470.2930336347665,13037.945624738984,12158.087274914356,19690.674066711894
550.0,18853.0,207.35377274495508,4467.053240523508,5032.259427048115,9146.333559683422
551.0,43479.0,890.0675382128028,12075.15353044521,11572.210822909801,18941.568108432188
552.0,10556.0,88.75900275924842,2637.7382071041957,2196.8071831777734,5632.695606958782
554.0,54137.0,1914.3796667188267,21540.15861731622,18751.588577469225,11930.873138495726
555.0,19799.0,290.2113709801841,5647.829252608461,4224.810082880036,9636.14929353132
556.0,20342.0,249.38866065265393,5520.765090624624,4845.848779413491,9725.997469309234
557.0,12166.0,121.73883764925222,3376.7337842240877,2228.7027145870557,6438.824663539604
558.0,16046.0,165.80483463464975,4039.8380062677543,3402.9982000295113,8437.358959068086
559.0,11154.0,98.93404858707312,2680.282004630414,1966.9477877231145,6407.836159059399
560.0,12032.0,162.71231204480995,3125.998004181429,2634.0876059620723,6109.202077811689
561.0,11781.0,198.83799758592517,2733.581971157857,3300.454383813021,5548.1256474431975
562.0,12655.0,172.73503747738832,3033.840072014153,3390.2495361261826,6058.175354382276
563.0,11449.0,98.58148820366148,2849.808186019886,2071.643637523367,6428.966688253086
564.0,24550.0,490.73179233433405,6518.3807395198,5750.481218933079,11790.406249212787
565.0,11698.0,101.91272291913013,2904.709621431295,1939.2544521960695,6752.123203453505
566.0,9115.0,97.11761862901896,2405.3391190331304,1628.9732416368356,4983.570020701015
567.0,16955.0,184.5320595925767,4203.961109066863,2978.8255644876144,9587.681266852946
568.0,25228.0,379.7009590713651,6768.79600184672,5643.511796203409,12435.991242878505
569.0,14344.0,179.95706470064735,3826.866258835159,3007.591695660425,7329.584980803768
570.0,10164.0,90.00934345941684,2447.7990699177544,1683.5707055671076,5942.620881055721
572.0,16011.0,427.1297349393647,4275.337215646185,7623.335646380843,3685.1974030336078
573.0,23541.0,397.09254861283466,7224.566670721596,5265.954459961185,10653.386320704383
574.0,21158.0,212.57100702295625,4786.385899069539,5011.91985743804,11147.123236469466
575.0,12049.0,145.53082807543947,3015.442705067318,2398.734007736114,6489.2924591211295
576.0,16265.0,195.64467492460454,5160.326500926364,4941.74038766842,5967.2884364806105
577.0,18462.0,184.97112610665357,4950.415953629678,4604.929126913497,8721.68379335017
578.0,10326.0,54.244480202080744,2246.5144553814407,1807.3234371066887,6217.91762730979
579.0,24546.0,230.64092029544315,4614.938157811384,6346.619832357035,13353.801089536137
580.0,20690.0,297.4189586644245,4772.15266345774,5932.985205352039,9687.443172525796
581.0,12524.0,90.67892904614642,2291.8060546720308,3095.8875001334363,7045.627516148387
582.0,14680.0,95.92312937728789,2592.0201707210654,3363.1501912980907,8628.906508603555
583.0,20323.0,203.19859253138966,4414.80174129362,5707.483289594183,9997.516376580808
584.0,15244.0,261.38054663685256,3409.676372665237,4398.601024717844,7174.342055980067
585.0,21599.0,305.7825854137603,5852.655795584398,5513.012605433779,9927.549013568063
586.0,23251.0,422.8197250524727,5845.505222930083,6630.998841915716,10351.676210101727
587.0,18556.0,320.86286443733525,4199.034640182108,5115.364197006944,8920.738298373613
588.0,15976.0,334.687831802253,4348.660173440696,4504.538916711515,6788.113078045535
590.0,41104.0,1474.996537656224,15850.746706991384,13860.392892728221,9917.863862624168
591.0,26906.0,563.6391870646222,8287.82557346329,7455.50276651417,10599.032472957919
592.0,18860.0,193.82883653755567,4277.5253563080605,4929.003024550936,9459.642782603449
593.0,11154.0,94.32419342917805,2726.594411306058,2416.0052832907068,5917.076111974057
594.0,23276.0,507.0728550952032,8527.379560674792,6519.3544387185575,7722.193145511448
595.0,28153.0,1049.3632164794615,9368.399261595965,6040.157513354858,11695.080008569716
597.0,157918.0,4061.9479470912815,67499.00853625809,47485.36206722223,38871.6814494284
600.0,22502.0,699.7332857112675,6891.71327236455,10372.354587497024,4538.198854427157
601.0,27172.0,434.37581276184164,6347.847271860873,8303.135194476412,12086.641720900874
602.0,19815.0,231.2026221619305,3849.8658428394883,5181.329920713872,10552.60161428471
603.0,35114.0,440.0305456995546,8636.632905279066,10231.705045716237,15805.631503305143
604.0,16698.0,125.42747065969154,3234.3555525245756,4130.031934687622,9208.18504212811
605.0,17308.0,98.54443351988978,3032.635641335166,4599.396581484294,9577.42334366065
606.0,21056.0,147.77557288646733,3586.5314478592277,5257.029562681183,12064.663416573123
607.0,31505.0,290.5405339189302,6930.888928734732,7600.095927435341,16683.474609910998
608.0,11928.0,59.50160926620232,2075.367720732899,2860.0663139480657,6933.064356052833
609.0,22041.0,297.0104338721791,5194.845687388609,5669.280025633233,10879.863853105979
610.0,39572.0,580.4748732141397,8855.508281872524,9977.850908000037,20158.1659369133
611.0,30148.0,484.67041579126555,6199.814368093556,9663.103996826996,13800.411219288182
612.0,30702.0,368.4163816556495,6352.061296598835,8013.311157276172,15968.211164469345
613.0,7247.0,44.61316179648918,1354.5919293169259,1824.1285155497171,4023.666393336868
614.0,28004.0,281.36634417002085,7836.150788061465,7484.367334134799,12402.115533633714
615.0,32519.0,587.8069789019441,7681.856681365174,11165.022688347315,13084.313651385568
617.0,46661.0,790.8067134291869,13131.740754723,18485.228444663044,14253.224087184768
618.0,20078.0,362.2018195599402,5326.497621643937,5614.328780057738,8774.971778738383
620.0,73127.0,1949.1238851410922,21776.35867822368,19134.83521549951,30266.682221135718
622.0,20234.0,417.58327429204917,5100.126259479737,6926.341461394396,7789.9490048338175
623.0,44489.0,1118.3706752263834,11704.191177822295,15344.476697217919,16321.961449733404
628.0,53611.0,1102.3522096486954,11278.55979526082,18888.32786585951,22341.760129230974
630.0,85915.0,2170.3723387699383,26519.48541718326,30171.18773890166,27053.954505145142
631.0,81733.0,1390.5966021135655,16674.58299791613,33535.66805040704,30132.152349563265
632.0,50172.0,772.8275209199714,11921.695563405445,13499.788764199504,23977.68815147508
633.0,27324.0,209.58199630421143,7156.675952201053,6306.049186205469,13651.692865289264
634.0,42685.0,521.2212337424166,9471.902357356399,13735.021830255064,18956.854578646118
636.0,103740.0,2905.9646027291215,39860.94677968302,30466.921543408116,30506.16707417974
637.0,47788.0,1188.1847307325884,12195.351715479974,12527.446739863397,21877.01681392404
639.0,64132.0,1264.3101716907295,22851.201839766505,20941.56723887593,19074.920749666835
642.0,63115.0,962.8724020489394,19137.294761185636,22782.762034771014,20232.07080199441
644.0,44517.0,522.8206890217375,15731.727928469581,12299.556100271462,15962.895282237218
645.0,24638.0,694.4388365398571,10259.293683158123,6459.050338064778,7225.217142237242
646.0,34665.0,410.46251212217044,10219.914384091653,10795.855759104747,13238.76734468143
648.0,18473.0,217.62700192404833,5724.735966403827,7190.630691010465,5340.006340661661
649.0,54038.0,852.6396477963901,14961.523524488475,17805.19968010828,20418.637147606853
650.0,30048.0,636.625499994427,8436.116947841507,7251.7708217771005,13723.486730386965
653.0,18607.0,268.483591022593,4993.058179650761,4623.6402351366905,8721.817994189956
654.0,23819.0,426.9195581029541,7444.624844916007,8614.11433016936,7333.341266811681
656.0,60530.0,761.8607206002422,13543.81422904969,21420.336396077702,24803.98865427236
657.0,13341.0,130.92077870287,2793.2074938886535,3316.364879147174,7100.506848261301
658.0,11453.0,194.6000013223469,2412.430143241969,2991.715823568734,5854.254031866951
659.0,21544.0,270.7424655381704,4649.22824937242,6455.177249174321,10168.852035915088
660.0,47754.0,746.0987748319787,11423.984206219286,12657.050843546105,22926.86617540263
662.0,19323.0,603.6134393352844,7506.301611314108,4234.886604136581,6978.198345214027
663.0,30603.0,741.246518874678,6713.467473435685,9632.552554612632,13515.733453077004
664.0,173588.0,4697.619263451188,66301.83799935124,57561.1530397828,45027.38969741478
665.0,39262.0,1093.0356644444828,11436.273747934007,10155.346955614115,16577.343632007396
666.0,19592.0,320.28144092205594,4326.161319939771,5778.634990271862,9166.92224886631
667.0,20709.0,263.75357188052794,4868.623751295171,5660.903123653983,9915.719553170318
668.0,15520.0,134.59935508089464,3348.470752171688,3938.3780656728713,8098.551827074545
670.0,29487.0,1025.5269071221148,10309.91417183534,10387.50174398568,7764.057177056866
671.0,26712.0,447.108021867082,6628.675722699087,7169.702927782226,12466.513327651606
672.0,16869.0,142.64724403099757,3141.5973404838187,3432.430949447915,10152.324466037267
673.0,18068.0,125.65026854116797,3447.2096696511635,3755.252339650334,10739.887722157333
674.0,23886.0,131.61292153700765,4748.9426127146835,4894.578885185572,14110.865580562737
675.0,21172.0,169.23730435105261,3935.335683231199,4431.007617984695,12636.419394433053
676.0,26993.0,134.42318506003392,5027.113653418686,5707.632859131461,16123.830302389819
677.0,19101.0,580.2727321007939,5262.055995654107,10006.504003069129,3252.16726917597
678.0,41659.0,344.68722813616307,8300.778351700581,10088.179831043812,22925.354589119444
679.0,16683.0,112.0625519073875,3402.866290115517,3567.9839729316645,9600.08718504543
680.0,19099.0,210.02327478325202,4152.698011132077,5238.30399815639,9497.97471592828
681.0,36385.0,573.4725734308397,7746.354079271939,11791.527164310395,16273.646182986828
682.0,89971.0,1840.6053523494115,21792.28683992655,33307.56210968426,33030.54569803978
685.0,38465.0,547.279480150734,7428.281987215776,14609.509100587877,15879.929432045614
686.0,22624.0,162.07100483263304,4784.184865994979,5494.856467100633,12182.887662071753
687.0,17684.0,165.55366382153596,4781.326825000926,4658.61597822297,8078.503532954568
688.0,17119.0,116.6267943531432,4014.6041283693353,4569.38252299821,8418.386554279312
689.0,12465.0,113.47421352046103,2708.0376707867526,3494.272502947407,6149.215612745379
690.0,18722.0,201.73210787021324,4566.131144020404,5112.5882533845825,8841.5484947248
691.0,38758.0,652.3327916927781,9535.0733355355,10706.247483155366,17864.346389616356
693.0,59715.0,1183.0575721957512,19399.968315798484,21000.660698849202,18131.31341315656
694.0,51828.0,782.562409954867,12548.029621107644,16388.095771867695,22109.312197069794
695.0,11366.0,164.64191939536653,2734.332642939375,4095.5644796652323,4371.460958000026
696.0,8959.0,106.94445841672791,1748.5072247843495,2425.3029757018558,4678.245341097067
697.0,20694.0,190.80375564164368,4598.363526511752,5253.804528081956,10651.02818976465
698.0,21013.0,301.01989324896533,3440.9919575518034,7885.005295468718,9385.982853730513
699.0,11822.0,109.14054694946688,2971.0665257165556,2790.1712216480673,5951.6217056859105
700.0,4463.0,21.59241820057994,1018.9535890965208,1133.4480443891744,2289.005948313725
701.0,12392.0,69.81364558531425,3312.834281205735,2988.2869858013864,6021.0650874075645
702.0,6614.0,29.162640291253872,1357.5683596191957,1490.7923962092705,3736.4766038802804
