id_inequality,high,medium,low,unskilled,d_Hauptberuf_Ind,d_Hauptberuf
1.0,194.67184934995672,5581.089180696467,5694.943233697688,14043.295736255888,25514.0,25514.0
2.0,188.05603591996166,4556.92234671764,4872.541847483909,10583.47976987849,20201.0,20208.0
4.0,1811.8022976974385,33907.737859485205,35867.874386062445,22100.58545675491,93688.0,93696.0
5.0,98.28153111536317,3602.7626133421168,2441.2139203327633,11622.741935209757,17765.0,17766.0
6.0,82.85251335929341,4117.0261239403135,2667.303084225241,13894.818278475152,20762.0,20770.0
7.0,157.23208063949912,4166.052168405482,2610.816272560395,10964.899478394625,17899.0,17899.0
8.0,68.1601312841516,2877.7647104835714,1645.005300797785,9492.069857434491,14083.0,14083.0
9.0,209.65675622899823,4151.442824855294,3829.320693044092,9936.579725871616,18127.0,18128.0
10.0,112.86438339570459,3923.7447608543307,2425.384965455346,9982.005890294618,16444.0,16444.0
11.0,89.93720187511879,4218.62939455827,2034.8951786882458,12876.538224878364,19220.0,19220.0
12.0,82.42054732686842,4066.8574127306874,2304.55977931663,12023.162260625813,18477.0,18482.0
13.0,181.917926605141,4927.544901220024,3809.9653732506104,12643.571798924226,21563.0,21563.0
14.0,101.9405978425629,4829.69311307667,2481.901731108258,15776.46455797251,23190.0,23192.0
15.0,116.5432023410564,5087.652812183794,3261.9589508254167,11906.845034649732,20373.0,20377.0
16.0,380.48522262765647,7534.369149593507,9190.168089215274,16293.977538563562,33399.0,33406.0
19.0,150.22766283037464,5546.695278536631,3995.4483332874506,16191.628725345543,25884.0,25925.0
20.0,137.55322822138197,5276.283562117299,3663.7017029791004,14300.461506682219,23378.0,23396.0
21.0,233.50040162939513,6678.6915577182635,6141.549859890237,14408.258180762105,27462.0,27469.0
22.0,95.81883245400145,4327.963794637683,2351.8165907006282,12334.400782207686,19110.0,19110.0
23.0,78.32908976314066,3668.62742051875,1973.7383533327325,10689.305136385376,16410.0,16411.0
24.0,79.77546361429573,3700.381514940947,2881.404617779502,13233.438403665255,19895.0,19895.0
25.0,88.27418265273012,4975.88603039352,3583.81736425502,15765.02242269873,24413.0,24413.0
27.0,253.92862034284028,5457.766941079308,5291.725807021852,3767.578631555999,14771.0,14771.0
28.0,64.73454975883355,3958.7464170750927,2951.0590297090594,15137.460003457014,22112.0,22112.0
29.0,99.25364660959622,4768.421592977651,3455.6050544158707,15169.71970599688,23493.0,23493.0
30.0,83.3439380513126,4215.650743285326,2762.7996586409377,12734.205660022422,19796.0,19797.0
31.0,101.79744464856891,4322.387761267947,3284.2879373067867,12115.526856776698,19824.0,19824.0
32.0,223.0386839984574,5243.101612274362,5698.324540722466,12219.535163004713,23384.0,23384.0
34.0,230.64595167398892,3540.129112013602,4908.681830142681,2553.5431061697277,11233.0,11233.0
35.0,68.52554578443389,3988.188735067206,2778.4899077555233,13779.795811392836,20615.0,20615.0
36.0,76.81152481155672,2906.5270783884143,2364.8442762448494,8607.817120555179,13956.0,13957.0
37.0,80.60061261845092,3312.7728309831473,2236.368684228424,9185.257872169977,14815.0,14815.0
38.0,147.9269810346104,4068.0133617516585,4337.688495628708,11634.371161585024,20188.0,20190.0
39.0,75.33533196524769,3621.1561166773554,2450.9214096447404,11328.587141712655,17476.0,17479.0
40.0,197.36200071947883,5497.736120227227,5091.172187696482,13925.729691356812,24712.0,24714.0
41.0,124.8319526880857,4110.4502876659935,3221.3142424418966,9878.403517204024,17335.0,17338.0
42.0,125.56271295954586,4269.5421719022415,3660.841169116199,11409.053946022013,19465.0,19473.0
43.0,11.477103220161467,4390.513122533934,2615.421493541421,12331.588280704485,19349.0,19357.0
45.0,197.42273784018886,9113.999336549921,5641.999253357871,5140.578672252018,20094.0,20094.0
46.0,55.46226836027184,3647.884037427213,2278.2345865233756,10755.419107689138,16737.0,16737.0
47.0,232.89386850775338,6490.186031484571,5330.621734461098,14767.298365546576,26821.0,26822.0
49.0,1331.8611605965646,24158.62022112964,25069.35101270745,13571.167605566343,64131.0,64132.0
51.0,67.5512111545613,3409.967966782335,2861.646954415643,7561.83386764746,13901.0,13901.0
52.0,139.25769042097303,4687.038030872798,3483.871455879661,9342.832822826567,17653.0,17654.0
53.0,151.60101697838425,4305.148871581585,3145.998821491804,7877.251289948226,15480.0,15480.0
54.0,163.72574746962565,4958.378087871364,3236.132439393353,12321.763725265657,20680.0,20684.0
55.0,95.17075314640711,4391.397409574536,2455.892867092501,13970.538970186553,20913.0,20913.0
56.0,87.29121281575787,5189.5070067328115,2840.6165708750414,20091.585209576388,28209.0,28209.0
57.0,184.07621780060663,5267.025090638327,3610.3615794110833,10945.537112149981,20007.0,20007.0
58.0,38.87382758009156,1907.2127513907792,1665.045727742759,6547.867693286369,10159.0,10159.0
59.0,73.39856609045707,3291.149772958214,1851.689408626071,9162.76225232526,14379.0,14381.0
60.0,245.72900289571743,5946.228461760398,5474.935031038383,16654.1075043055,28321.0,28324.0
61.0,228.2830351990359,5170.263646067937,5775.502045864785,11947.951272868242,23122.0,23125.0
62.0,111.80749668103628,4630.614183498938,2602.713430748464,14358.864889071561,21704.0,21711.0
63.0,142.44857810419361,5020.483708201886,3825.4323000296004,14691.63541366432,23680.0,23686.0
64.0,91.83244746329989,4258.595412055213,2699.527366060196,12434.044774421292,19484.0,19484.0
66.0,399.4624259229364,5077.98983716107,8517.464915673852,3191.082821242142,17186.0,17188.0
67.0,299.39017785923147,4703.224040241475,7519.969365343983,14134.41641655531,26657.0,26657.0
68.0,108.34812777629338,4593.545894607562,2902.425607575983,12643.680370040162,20248.0,20249.0
70.0,348.88109897132944,4813.8687597145945,7423.584487518306,3029.66565379577,15616.0,15616.0
71.0,111.51097873511037,3731.8157275604035,3100.024565130208,12785.648728574279,19729.0,19729.0
72.0,299.2307104821556,7145.122752078998,7372.188160400106,20678.45837703874,35495.0,35495.0
73.0,56.79177692908911,2712.3249714436256,1701.9005058895777,8413.982745737709,12885.0,12886.0
74.0,148.18729607726985,4838.717284174947,3580.820856169653,13646.274563578132,22214.0,22214.0
75.0,194.13113336192313,5581.348267605952,4765.642980734057,16263.877618298067,26805.0,26805.0
76.0,126.5628976673023,5868.197274772464,3498.831500660155,18669.408326900077,28163.0,28163.0
77.0,145.26055796268966,6404.572159677058,3852.0775188897096,16267.089763470543,26669.0,26670.0
78.0,12699.067400245985,382422.0268568282,296094.6848164414,205032.22092648438,896248.0,896355.0
79.0,374.57626390529776,6957.368888157796,5109.418675287536,16357.63617264937,28799.0,28799.0
80.0,177.41948314419386,5615.567455278246,3942.17801569145,14920.83504588611,24656.0,24656.0
81.0,329.12009279458795,7094.657674311906,6310.205224828662,17039.017008064846,30773.0,30774.0
83.0,645.0566006909158,12939.511965569407,9047.570261180968,20841.861172558707,43474.0,43499.0
85.0,3757.172775869098,65766.73287314508,46305.24410903314,65780.85024195268,181610.0,181651.0
86.0,3555.334237586309,37994.269811027174,33136.29974457144,24246.096206815077,98932.0,98945.0
87.0,871.3985211456209,30040.527783664013,20445.69430015423,20056.379395036132,71414.0,71416.0
88.0,2170.395896354607,22889.53706527829,21778.23806951896,12199.828968848142,59038.0,59065.0
91.0,4828.918876980727,53050.244191453436,48332.75708557729,58413.07984598855,164625.0,164658.0
92.0,173.68569724009703,5790.144829126128,3036.837904085772,13132.331569548003,22133.0,22225.0
93.0,820.2392215031568,8573.437735877967,13880.867034629613,18884.45600798926,42159.0,42164.0
94.0,436.4745044633242,10233.083759284698,5852.7874446606675,25331.654291591312,41854.0,41854.0
95.0,1235.0186848695466,8007.861188492317,12860.8631768923,4976.256949745837,27080.0,27092.0
96.0,1038.8194017160179,11316.689409763227,10624.02869336861,10110.462495152145,33090.0,33091.0
97.0,845.1284740556777,9339.430048377417,11654.58227828094,19599.859199285966,41439.0,41439.0
98.0,561.9074010486726,8169.320042960831,7964.2050943693075,6303.567461621187,22999.0,22999.0
99.0,280.25767200804,9276.2968618198,5157.206167735233,16306.239298436929,31020.0,31020.0
100.0,581.9793137104887,9490.181172843535,7393.279569974794,20435.55994347118,37901.0,37902.0
101.0,238.48951154206597,8076.434892166351,4048.4500084649785,20768.625587826602,33132.0,33132.0
102.0,340.77706444747173,10142.356047130223,6590.103145114278,19557.763743308027,36631.0,36631.0
103.0,293.7824126795065,10234.370280674364,8291.005039789687,22619.84226685644,41439.0,41442.0
104.0,118.27995261012533,5689.286146469653,3394.5077525934685,13496.926148326753,22699.0,22699.0
105.0,118.56721923714233,4455.4727988027125,2906.8466230386816,11206.113358921462,18687.0,18687.0
106.0,139.76240430566432,5661.609500188062,4044.0056855808184,14391.622409925456,24237.0,24237.0
107.0,307.3859956036569,10658.72511367891,7012.9940157013625,21335.89487501607,39315.0,39322.0
110.0,346.6816558468666,11834.211308611055,7767.891613188067,23328.21542235401,43277.0,43535.0
111.0,501.3074044291671,9263.952165140454,8690.585687009278,6192.154743421101,24648.0,24702.0
112.0,103.23083825980352,4675.373810591451,2965.517631590723,12935.877719558022,20680.0,20883.0
113.0,127.25549288484748,4367.50942674977,3157.4408078977067,11913.794272467676,19566.0,19745.0
114.0,183.21140667293517,5343.975013285541,4711.182745465016,12029.630834576508,22268.0,22504.0
115.0,187.6967536334784,5939.977772102306,6112.845184604919,16475.480289659296,28716.0,28716.0
117.0,140.88511439914637,4428.861237320581,5907.042769016871,5121.210879263403,15598.0,15697.0
118.0,81.49005653226698,4239.956090704134,3621.0686909286665,13809.485161834931,21752.0,22086.0
119.0,139.5752911462458,3792.89975699423,3471.940179204413,9795.584772655111,17200.0,17202.0
120.0,174.87075811239782,7746.5247947491225,6727.947286395531,18747.65716074295,33397.0,34784.0
121.0,191.5463370053676,8483.607397607579,6005.719703619811,16656.126561767243,31337.0,39097.0
123.0,286.1606729711343,5931.17847740354,8412.784267885363,5500.876581739963,20131.0,20143.0
124.0,87.78940882024176,5007.273512196778,4665.810144096168,17415.12693488681,27176.0,27276.0
125.0,152.44957397484188,2997.044215831526,6487.143029015246,5718.363181178386,15355.0,15360.0
126.0,237.05717293767242,8588.561415745618,10039.73494109325,20797.64647022346,39663.0,40540.0
127.0,77.83561986083957,2913.02288567085,4619.036434207892,7001.105060260417,14611.0,15907.0
128.0,172.41112045079333,5652.600965077934,3465.205772874605,11785.782141596666,21076.0,21076.0
129.0,122.17153109649243,4046.9428318331175,2334.6196945447386,8164.265942525651,14668.0,14668.0
130.0,294.9536634051233,7167.3104017786045,6781.6264682026485,11494.109466613623,25738.0,25738.0
131.0,218.1050837065402,5086.918589461281,4866.572474060866,9936.403852771313,20108.0,20108.0
132.0,295.722888135045,10550.76585878211,6230.953795428357,21919.557457654486,38997.0,39193.0
134.0,1453.6005653968373,35945.84287873389,26433.455420581507,21666.10113528776,85499.0,85523.0
136.0,107.38425836808696,5067.661008831618,2796.404754361385,12858.549978438909,20830.0,20831.0
137.0,108.63231286818186,4878.470990325368,2351.370996597849,14372.525700208602,21711.0,21712.0
139.0,201.97985608831823,3286.306177201731,4024.005774812935,2144.7081918970157,9657.0,9659.0
141.0,70.12971796934801,4221.9994952161105,2029.6319354940665,13193.238851320475,19515.0,19516.0
142.0,126.16030365387209,5634.180335311864,2835.220608969682,14557.438752064581,23153.0,23155.0
143.0,90.05308878676155,4048.769585273958,2139.9636671818157,11721.213658757464,18000.0,18000.0
144.0,166.14990562285791,4115.959939224977,2767.406558982036,10579.48359617013,17629.0,17630.0
145.0,98.0031398968337,4568.1597065769165,2314.212622300998,12231.62453122525,19212.0,19212.0
146.0,46.063963201943146,2186.4456107245296,1174.4126992666274,5509.0777268069,8916.0,8916.0
147.0,80.6007426501932,3693.01944742634,2151.9617194005687,8716.418090522897,14642.0,14642.0
148.0,147.96872871274496,7505.808078526925,3964.1998952414842,20879.023297518845,32497.0,32498.0
149.0,136.53993689164503,4968.365430064917,3105.9497344405754,12600.144898602863,20811.0,20811.0
150.0,275.1352795992613,6616.434487889139,5299.633604967002,13541.796627544598,25733.0,25733.0
151.0,195.88944871331685,5596.240059619132,3878.7082449391314,11768.162246728421,21439.0,21439.0
152.0,39.89969806795374,2139.8568126312093,1022.1837128776841,5780.0597764231525,8982.0,8982.0
153.0,140.72845847529598,7588.823029105724,4162.233144474118,22077.21536794486,33969.0,33969.0
154.0,63.40532657365422,3385.145584838985,1813.815482743728,9836.633605843634,15099.0,15099.0
156.0,173.66875253434253,4330.976093308236,3685.9274083980686,2757.427745759353,10948.0,10948.0
157.0,101.76312293890018,6479.746235822218,3078.023003956684,20324.467637282196,29984.0,29985.0
158.0,116.31113297195851,4614.749479625473,2597.3920624852276,11101.547324917341,18430.0,18430.0
159.0,55.61807405347087,2530.8478261072396,1333.2347319356918,6512.299367903598,10432.0,10432.0
160.0,203.41224817928887,5445.493886629993,3936.310571408305,11744.783293782413,21330.0,21330.0
162.0,230.86457206314896,4130.129619213685,4804.888049246838,3119.117759476328,12285.0,12285.0
164.0,135.8036478247835,3612.803337967407,2617.6194072907156,11382.773606917093,17749.0,17749.0
165.0,365.82625560600985,6754.816947029959,5762.713103026649,13246.643694337381,26130.0,26130.0
168.0,91.19035653778056,3215.7328757276637,1993.5693966980898,11183.507371036467,16484.0,16484.0
169.0,100.32883994381031,3330.881320385509,2614.206877848923,9034.582961821758,15080.0,15083.0
170.0,89.50674473270024,3480.7111605863793,2892.4314307191053,11600.350663961815,18063.0,18069.0
171.0,77.41992732214058,3788.3550157727695,2316.26133339612,12784.96372350897,18967.0,18970.0
172.0,98.10814439173647,4439.992247465498,3144.965121829376,13596.93448631339,21280.0,21307.0
174.0,1097.2156870964807,20412.373449842642,21185.550510594836,10716.860352466041,53412.0,53419.0
176.0,371.40491540472584,3843.7642298992296,8718.633441968066,10121.19741272798,23055.0,23062.0
177.0,34.836632708662506,2689.3869823771374,1834.8166059478904,10197.959778966311,14757.0,14762.0
178.0,95.87703060532874,4564.775381382873,2988.3317777607176,13836.015810251081,21485.0,21485.0
179.0,118.38977749279057,5274.910712502742,3400.146869269949,14789.552640734519,23583.0,23595.0
180.0,49.80897719715842,2591.823632828253,1754.3900771013227,7390.977312873267,11787.0,11797.0
181.0,45.881253559698465,2122.331085488641,1489.366351907151,5552.421309044509,9210.0,9210.0
182.0,118.36459814101975,5016.247900704911,3451.60247957398,13665.785021580088,22252.0,22298.0
183.0,41.519565217371145,2798.021754274351,1660.748538392122,8800.710142116155,13301.0,13301.0
184.0,74.8974657460997,3170.116116996408,1831.9414797255395,7980.044937531953,13057.0,13058.0
185.0,93.6225726290389,5210.771115499042,3395.421353933397,16529.184957938523,25229.0,25240.0
186.0,100.00671050348816,2918.362933427698,2325.6685508262526,7513.961805242561,12858.0,12915.0
187.0,42.34088152908664,2926.439900449999,1730.0125597424649,9946.20665827845,14645.0,14665.0
188.0,99.02241139751126,3836.6307862202702,2635.8403720512574,11800.506430330961,18372.0,18422.0
189.0,134.66021118128492,4352.575060274468,3702.605686253854,9121.159042290394,17311.0,17337.0
190.0,160.81283399447764,4435.8964750195355,4166.107814523202,10864.182876462784,19627.0,19646.0
191.0,71.60561287474393,3860.7771489090983,2222.85421880825,12014.763019407908,18170.0,18230.0
192.0,49.00744682859461,2609.233369594548,1598.0831623276192,8642.676021249237,12899.0,12919.0
193.0,110.3145530749459,4292.688099541166,2981.439561487926,10200.557785895964,17585.0,17607.0
194.0,52.42799180555171,2650.3295679031767,1472.1933812320572,7101.049059059215,11276.0,11288.0
195.0,98.99280824624644,3445.548983603463,2620.277144225737,8182.181063924553,14347.0,14352.0
196.0,40.384840137807586,2385.628229448147,1449.170528688383,8853.816401725664,12729.0,12732.0
197.0,48.07402460753236,2366.362559147507,1525.6567145404224,8545.906701704538,12486.0,12488.0
198.0,57.21380290531231,2852.510714971226,1783.1745253551035,8870.100956768358,13563.0,13573.0
199.0,73.38546094843863,2732.416738224969,1840.9438704570753,8512.253930369518,13159.0,13186.0
200.0,76.51587786231329,3575.527866547761,2213.6706673539675,9376.285588235958,15242.0,15243.0
202.0,217.5031619822775,6504.281138025124,6041.843960285226,15119.37173970737,27883.0,27886.0
203.0,123.77476833079773,6215.606343568413,3216.5469754662054,17725.071912634583,27281.0,27281.0
205.0,416.74182290733614,6928.895439317563,9434.385522063776,3655.9772157113243,20436.0,20440.0
206.0,167.00927584704468,8927.858484101349,5909.292568939834,20092.83967111177,35097.0,35168.0
207.0,71.84761191343571,3642.0218249285517,1708.4330935799323,12301.69746957808,17724.0,17729.0
208.0,264.03632771378,6802.282300204176,5620.740630711542,16662.9407413705,29350.0,29396.0
209.0,90.3850590312976,3060.72923360922,1528.681300338413,8962.204407021069,13642.0,13643.0
210.0,87.88672581577276,4191.092318486375,2135.3184122622265,12422.702543435626,18837.0,18839.0
211.0,66.27582009248692,3478.898503130914,1658.4589529846683,11579.36672379193,16783.0,16785.0
212.0,74.88078475980561,4223.179683092459,2145.77103518903,13228.168496958706,19672.0,19672.0
213.0,257.8866053504721,5733.901195279754,5945.582447674497,10836.629751695276,22774.0,22775.0
214.0,40.57890426434522,2342.9423503686603,1166.5365301157972,8406.942215251198,11957.0,11957.0
215.0,62.74535095790793,3591.655216782573,2441.637257147816,9953.962175111703,16050.0,16050.0
216.0,65.08117350299247,4290.8807118275545,2749.914604188417,13435.123510481037,20541.0,20541.0
217.0,214.18434473805272,7023.918615353876,6259.0527749669,17759.84426494117,31257.0,31289.0
218.0,101.33828991386693,5424.040691754891,3832.3302720961956,15873.290746235047,25231.0,25231.0
219.0,115.98951672323854,4768.422353009048,3724.239630023587,13832.348500244127,22441.0,22444.0
220.0,60.01359279791583,3656.929549946156,2494.17171700402,10671.885140251909,16883.0,16885.0
221.0,55.58620030407893,2601.0308369259565,1886.418053931765,7040.964908838199,11584.0,11584.0
222.0,123.68469180949168,4754.264642772201,3481.1433554944124,12996.907309923894,21356.0,21388.0
223.0,133.67845770926237,6226.255167979674,4711.259702468847,16178.806671842216,27250.0,27252.0
225.0,2802.631167685444,84848.85660976778,62067.981075508666,42832.531147038106,192552.0,192702.0
226.0,346.8723162899452,9120.076208334924,7796.427845184309,24465.62363019082,41729.0,41729.0
227.0,125.7649769630277,5626.956377571535,5676.840706702494,15220.437938762943,26650.0,26650.0
228.0,308.5653976273237,7256.117954333119,8008.766150035589,15573.550498003968,31147.0,31152.0
231.0,69.22246032780531,3737.9530684317024,3093.432064681692,9875.3924065588,16776.0,16778.0
232.0,70.5240326473511,3112.4629064266474,1987.5912708410272,9181.421790084974,14352.0,14368.0
233.0,63.59551609030429,3384.783702154114,2550.6447717786436,9747.976009976937,15747.0,15748.0
234.0,126.0604677825294,5181.169822908829,4236.928468820994,11932.841240487647,21477.0,21481.0
235.0,203.98853934684539,6782.700246799699,11760.714954170731,15802.596259682723,34550.0,34552.0
237.0,246.62773191960432,4192.819620962376,5458.304571799442,2708.2480753185782,12606.0,12615.0
238.0,169.71177224288815,8321.365101321917,6211.033647708244,17369.889478726953,32072.0,32287.0
239.0,112.36097080710414,4430.478219841768,4021.656705537504,10629.504103813624,19194.0,19209.0
240.0,403.91589621680424,13788.513143130804,13891.218166118751,16534.35279453364,44618.0,64839.0
241.0,257.22378571760316,8236.642237101765,8483.929860316593,15199.204116864037,32177.0,32206.0
242.0,93.73189667144668,4650.895201310115,4438.666866864632,9001.706035153806,18185.0,22129.0
243.0,158.8245329960447,6463.187587354541,6839.628320268088,16613.359559381326,30075.0,30077.0
244.0,133.96017371544923,7006.228542577058,6390.34109776257,13817.470185944923,27348.0,27531.0
245.0,164.87813686943744,6157.630163567362,5603.258195368403,14628.233504194799,26554.0,26583.0
246.0,284.14977530454456,5873.41542338997,10508.73167806664,14952.703123238844,31619.0,31674.0
247.0,113.70586315942846,4680.489313488009,3958.4216516409415,9993.383171711619,18746.0,18747.0
248.0,302.3522796742009,8936.952564699888,9016.29952166534,18025.395633960572,36281.0,36284.0
249.0,125.83314196476874,3668.6917832706185,3473.764132980524,8812.710941784087,16081.0,16081.0
250.0,174.22663931516428,7242.431432594214,6403.534220469483,15668.807707621138,29489.0,29496.0
251.0,118.25627810695299,6201.652189531575,5089.352584514241,14414.73894784723,25824.0,25824.0
253.0,358.8027702054284,9620.930135959807,9098.847368616054,5725.41972521871,24804.0,24804.0
254.0,69.43467564392877,4783.291861199764,3429.5779945783524,13498.695468577955,21781.0,21781.0
255.0,146.84890127366967,4441.15228902934,4302.185856601052,7982.812953095938,16873.0,16877.0
256.0,48.765805448104494,3055.952769197297,2208.2262851168875,7857.055140237711,13170.0,13179.0
257.0,52.68984939247204,3080.244321699965,2874.006865582941,7572.058963324623,13579.0,13579.0
258.0,126.55783130961653,5251.020863951401,6571.401376345149,10319.019928393833,22268.0,24528.0
259.0,383.3411688343639,11445.083480919966,10749.311120918876,15982.264229326795,38560.0,38616.0
260.0,174.0870838644716,8395.07259916546,6420.313452704002,17798.526864266063,32788.0,32791.0
261.0,165.04374920932403,8397.201529745364,9282.965035530477,16739.789685514836,34585.0,34989.0
263.0,412.8259860545823,13617.486128790797,10326.708695329326,7726.979189825295,32084.0,32104.0
264.0,86.75344958195086,5217.3134165467445,5953.313881364601,12186.619252506704,23444.0,23731.0
265.0,135.51559590577298,6211.892458968412,7451.410980009468,15583.180965116346,29382.0,29789.0
266.0,73.17052868056794,4000.0056585951415,3564.7909170573766,10941.032895666915,18579.0,18959.0
267.0,133.24374882332035,4440.12314346304,4659.571072584412,10964.062035129227,20197.0,20219.0
268.0,66.91825024429566,3500.9177483124263,3792.0170693257223,12860.146932117557,20220.0,20246.0
270.0,160.02210824460394,3336.7517666861318,4018.846783631803,3125.3793414374613,10641.0,10665.0
271.0,137.30733104791193,8076.390110695882,8568.686520759751,27183.616037496453,43966.0,43972.0
272.0,190.31449851694958,5825.055262829738,5956.979907538827,17216.650331114484,29189.0,29238.0
273.0,86.88746714219707,3591.941455891246,4197.140575762484,12759.030501204074,20635.0,20731.0
275.0,316.1776667287923,8230.398941926498,7207.14209182565,5881.281299519059,21635.0,21709.0
277.0,167.73424381041792,6248.679959007304,6236.690212911638,17685.895584270642,30339.0,30580.0
278.0,240.25949260029827,4152.803587049185,6729.581955139841,8791.354965210676,19914.0,24778.0
280.0,313.1823102999567,6814.110082324509,5646.1352055962025,5702.572401779331,18476.0,21974.0
281.0,540.4226304511212,9591.16008083159,8753.222977356396,17312.194311360894,36197.0,57744.0
282.0,251.90525493053192,5832.615652921358,3697.597582233529,5943.881509914581,15726.0,21547.0
283.0,317.8570689651055,8564.826100395474,5747.584830215264,8940.732000424157,23571.0,43342.0
285.0,193.1478465838008,4985.003754419573,4220.722270167692,3388.1261288289343,12787.0,13684.0
286.0,447.6675994127184,10865.899234024275,8318.773390435112,14596.659776127897,34229.0,59968.0
287.0,181.2529395390517,8312.322811459751,8710.456982576805,28387.96726642439,45592.0,51027.0
288.0,244.1878716634224,7532.133804703895,7579.088339675535,18754.589983957147,34110.0,41409.0
290.0,186.52275128151564,4132.881659994993,4237.879680055176,3492.715908668315,12050.0,12084.0
291.0,181.17739162078564,10233.622115551645,9847.440084412247,27311.760408415324,47574.0,49987.0
292.0,164.92119106947905,6493.712349434931,7483.502277506435,17854.864181989156,31997.0,32015.0
293.0,183.0415706366119,7536.376403314967,8570.513064546423,21358.068961502,37648.0,37668.0
294.0,204.91813802508267,9746.25995380309,9791.194772560568,22628.62713561126,42371.0,42384.0
295.0,223.04149035334484,3622.7249184713014,7268.924307472165,10695.309283703189,21810.0,21813.0
296.0,338.46628689700714,11024.897854893898,10955.384346902556,21287.25151130654,43606.0,43756.0
299.0,86.67001125156011,4133.821478776273,3870.7022157894876,11053.80629418268,19145.0,19145.0
300.0,129.67393198284927,5345.605813283475,2767.623485846928,16513.09676888675,24756.0,24756.0
301.0,187.16508086225033,6838.442156452789,4158.639322395456,19883.753440289503,31068.0,31070.0
302.0,204.61616911536254,6802.975118178003,4138.887400725998,17522.521311980636,28669.0,28669.0
303.0,531.9256052845382,9454.018015912767,7313.872353378126,16271.184025424569,33571.0,33573.0
306.0,515.1197574921595,11669.098127820103,11224.273144923587,21075.50896976415,44484.0,44485.0
307.0,184.85683068401408,6213.276137656099,3764.9400769750077,17491.92695468488,27655.0,27655.0
308.0,462.13124186015904,11954.977499704355,8317.824483468552,21372.066774966934,42107.0,43022.0
309.0,336.5107097299259,11315.434122653538,5748.695419487487,19890.35974812905,37291.0,37695.0
311.0,1718.971848180306,39894.812403233766,31596.61332659257,23885.602421993357,97096.0,97120.0
313.0,156.00391234560874,6398.647755590839,3607.8599274946214,14567.488404568932,24730.0,24730.0
314.0,214.11756617964073,7073.62685142565,5029.54350449824,15538.712077896469,27856.0,29664.0
315.0,314.46278478747604,6561.255357949644,4341.096003631639,13855.185853631241,25072.0,25649.0
317.0,131.48381607812902,3576.8955288761954,2664.842351698532,3549.7783033471433,9923.0,10259.0
319.0,354.7632139544783,8546.399159965753,5389.18293079425,15637.654695285519,29928.0,31022.0
323.0,361.48627733150977,5883.724274052462,7063.202762995958,4841.58668562007,18150.0,18153.0
324.0,135.1202060953631,4850.513340142354,2880.2784786248963,11791.087975137387,19657.0,19660.0
325.0,223.9337061271306,5027.557007044701,3697.6768523348787,5853.83243449329,14803.0,14808.0
326.0,188.50660793662053,6576.82153263806,4429.49151455655,13883.180344868771,25078.0,26873.0
327.0,254.6368432045989,6292.018340238953,5419.6070866427,14350.737729913748,26317.0,26320.0
328.0,98.8658557500932,4866.823615157462,2469.959686539251,13549.350842553195,20985.0,21002.0
329.0,337.7015223293611,7716.020697114722,7141.9412227117855,14648.336557844133,29844.0,30045.0
330.0,224.3501239151105,7408.072758518594,5090.74023973869,14105.836877827605,26829.0,29316.0
331.0,254.19420670280684,8352.485775306108,5071.078380359692,17193.241637631396,30871.0,32694.0
333.0,1408.4327213267068,25969.971937556005,19998.295902671023,16219.299438446264,63596.0,64009.0
335.0,228.19931384997534,9360.54016167881,5323.646376392071,17688.614148079145,32601.0,32623.0
336.0,290.63987827595014,5705.842877747208,6399.508438406061,11967.008805570782,24363.0,24369.0
338.0,440.1848581062402,9668.536622716736,8736.28257888528,20236.995940291745,39082.0,41201.0
339.0,261.93852223763906,8518.368284725542,5388.9421575011875,16965.75103553563,31135.0,32410.0
340.0,118.68256495669058,4955.975688549182,2584.8460896194965,12917.495656874631,20577.0,20580.0
341.0,187.83871336707983,7284.561205344602,3495.3054215083866,17031.29465977993,27999.0,28765.0
342.0,368.62778823902875,11603.516387256997,6546.504608364423,17487.351216139552,36006.0,36711.0
344.0,164.35914492584325,6512.076999657955,2888.1058244557807,2746.4580309604216,12311.0,12329.0
345.0,180.68429290825966,7834.308238033676,3319.801567366042,13187.205901692023,24522.0,30136.0
346.0,293.9190029665437,5003.772962460734,4779.4236881182005,6979.8843464545225,17057.0,17095.0
350.0,156.29241685085162,4892.942731437095,3130.2121745931627,3029.552677118891,11209.0,11505.0
351.0,73.38711373727678,3842.2082197496065,1785.8771106353524,6163.527555877765,11865.0,13675.0
353.0,190.80163333138393,4299.630593398987,4283.718710214259,2829.8490630553706,11604.0,11614.0
355.0,201.38300338760823,5594.38209985127,5341.190030838943,10485.04486592218,21622.0,21633.0
356.0,124.65540909117745,4434.656715631116,4603.638802760678,9652.04907251703,18815.0,18815.0
357.0,144.41423647627812,4449.578071080728,4460.414949746564,8102.59274269643,17157.0,17160.0
359.0,153.87388581923415,4929.666792939188,3895.6831091897648,3457.7762120518137,12437.0,12437.0
360.0,76.35412117030252,3242.118720945299,5040.773095770606,9360.754062113792,17720.0,17744.0
361.0,176.13668553787227,4801.425935224338,4337.499458760214,10369.937920477576,19685.0,19685.0
362.0,85.56478511927115,3300.453749185821,2160.8036859089607,7855.177779785948,13402.0,13402.0
364.0,769.1217608439027,18001.266283193887,11416.454922534438,9506.157033427771,39693.0,39693.0
365.0,93.61476961904295,4828.25817889988,2628.7831896574644,8513.343861823614,16064.0,16069.0
366.0,61.68924623409433,1917.7222899011776,1919.5494740551799,4670.038989809548,8569.0,8569.0
367.0,251.97724930830444,7039.681824156056,5644.678016136564,8294.662910399076,21231.0,21231.0
368.0,225.7686201325099,7642.096752694466,4539.348535639803,15095.78609153322,27503.0,27503.0
369.0,104.18247212593181,3604.5335089274286,1930.7135813683901,6283.57043757825,11923.0,11923.0
370.0,149.54598149779318,4761.777694689631,3543.5305860428102,8592.145737769766,17047.0,17047.0
372.0,351.22027061556844,6755.054573181441,6668.247910238189,4373.477245964801,18148.0,18148.0
373.0,146.11800142706923,5559.06586754914,3346.8053407684606,11309.01079025533,20361.0,20361.0
374.0,359.283645059438,8074.470077355106,5973.333338952899,13503.912938632559,27911.0,27911.0
375.0,220.7338883060937,4880.4263211422585,4432.318596946428,8849.52119360522,18383.0,18410.0
376.0,51.523215397197234,1968.8930967821545,948.0134156746634,2811.570272145985,5780.0,5780.0
377.0,122.68120902312249,4673.334032130667,2547.541824594736,8421.442934251474,15765.0,15765.0
378.0,230.70356612932898,7554.970684833845,3764.1217771328593,13748.203971903968,25298.0,25299.0
379.0,152.672038272938,5526.083439762291,2640.805153971129,8961.439367993642,17281.0,17281.0
380.0,196.9927528183829,7341.668076171942,3819.3573360710952,10024.98183493858,21383.0,21383.0
382.0,1973.8461219436058,26146.41879005407,36542.099251249376,16442.635836752943,81105.0,81113.0
384.0,194.7411827277493,3642.177931465123,5217.119992625133,3290.9608931819953,12345.0,12345.0
385.0,127.2399735032231,6370.093406471284,3302.445291199141,9400.221328826352,19200.0,19200.0
386.0,296.10881832765523,8355.50460358768,6114.386746199852,14323.999831884812,29090.0,29180.0
387.0,135.97935840305922,4963.681869155579,2549.686315985129,7897.652456456233,15547.0,15547.0
388.0,181.18492432908437,6108.121696659694,3408.5307692619845,10432.162609749237,20130.0,20130.0
389.0,327.6376118711084,9678.325635466206,6712.531926823751,16262.504825838936,32981.0,32982.0
390.0,113.5162766900622,5539.397102356823,2296.9638158282723,10049.122805124844,17999.0,17999.0
391.0,178.34451139204864,3895.769106802059,4498.07207109212,3956.814310713773,12529.0,12529.0
392.0,280.1709963260441,10415.262540135744,6540.612810614517,15565.953652923694,32802.0,32802.0
393.0,423.5295085748413,14382.289839455334,9180.412849674904,18560.767802294922,42547.0,42548.0
395.0,1038.5625850184636,23883.021485664918,25770.140145228874,20021.275784087746,70713.0,70713.0
397.0,213.60153892771578,7172.582730180133,4274.297358615413,13090.51837227674,24751.0,24751.0
398.0,38.42971342059269,2430.144435025332,1785.1062949933998,7205.319556560676,11459.0,11459.0
399.0,69.95187278165145,4934.419166998594,3514.114519951162,12765.514440268593,21284.0,21284.0
400.0,53.640851250534205,3329.123739434209,2248.378218933808,9052.857190381448,14684.0,14684.0
401.0,73.4468860491167,2846.4604461542676,2634.4916319033155,6660.601035893299,12215.0,12215.0
402.0,61.650470174324035,3140.4505906658333,2149.0738067967304,9076.825132363112,14428.0,14491.0
403.0,31.867395252312917,2352.724623782357,1665.7162885618159,7473.691692403514,11524.0,11524.0
404.0,116.99532801495748,3658.585615977444,3044.0560441843877,9224.36301182321,16044.0,16082.0
406.0,2079.809458363841,40264.536305483765,33089.71171720186,24709.942518950535,100144.0,100184.0
407.0,193.21141489242044,6045.230204898612,3697.1106109430148,11421.447769265951,21357.0,21357.0
409.0,247.4860299804153,9839.261384865194,5283.958021046076,7534.294564108314,22905.0,22910.0
410.0,151.10511713785587,6045.655492344448,3432.645277544814,9254.594112972882,18884.0,20955.0
411.0,85.38785546281446,4977.847864086759,2657.809241795239,7260.955038655187,14982.0,15022.0
412.0,216.44523857559068,7527.282379367163,5833.467803951242,12173.804578106005,25751.0,25827.0
413.0,208.58430450552999,5288.583477766827,3871.6579725157885,11710.174245211854,21079.0,21088.0
415.0,396.64025293597666,6402.661371387407,4984.126815475953,4014.5715602006635,15798.0,15799.0
416.0,98.85840457928795,3626.847896293121,2322.0590138449993,7035.234685282592,13083.0,13083.0
417.0,154.03877878516332,5219.700686180613,3193.6076300528257,11109.652904981398,19677.0,19708.0
418.0,90.46158112006302,2457.0069226756073,1891.42017236721,4868.11132383712,9307.0,9307.0
419.0,93.1911208222089,3330.0221428656946,2933.9225925709197,6991.864143741177,13349.0,13368.0
420.0,279.341831660322,6251.107443606796,5513.908892472638,9972.641832260244,22017.0,22017.0
421.0,137.71447187124272,5650.0905722258285,3978.119777620907,8411.075178282023,18177.0,18382.0
422.0,61.73057224498727,2441.9729720294695,1985.125927456615,5492.170528268928,9981.0,9981.0
424.0,402.91341276436754,4613.795609377251,5065.397577200016,2203.893400658365,12286.0,12290.0
425.0,402.91341276436754,4613.795609377251,5065.397577200016,2203.893400658365,12286.0,12290.0
426.0,122.78332093510737,2478.9220812725675,3197.5420531998107,4678.752544592515,10478.0,10511.0
427.0,57.445820772844876,2017.367666413113,1931.1405429558233,4391.045969858219,8397.0,8460.0
428.0,89.96033000547483,3219.174159769697,2093.8119526424184,5755.053557582411,11158.0,11158.0
429.0,118.90860592132634,3692.9842373570555,3050.0634434481317,6934.043713273487,13796.0,13807.0
430.0,190.7223824216717,3131.691646350555,4424.826331070087,4044.7596401576866,11792.0,11792.0
431.0,77.43173143011066,1788.527513953563,1570.8027126404954,3219.238041975831,6656.0,6656.0
433.0,209.32739776557264,2716.0879534118653,3377.944081481992,1868.6405673405704,8172.0,8172.0
434.0,104.95026386728313,4221.808354651437,3534.7132219945693,12631.528159486712,20493.0,20493.0
435.0,97.97396048642771,4388.365673110075,3055.907059640387,12291.753306763112,19834.0,19920.0
436.0,177.2164213255913,5492.461988198509,4245.70605053627,12804.61553993963,22720.0,22725.0
437.0,41.37889937780925,2622.297192125234,1529.4896258573422,6936.834282639615,11130.0,11130.0
438.0,77.48162760218658,3657.9206872229925,2323.949701918379,9450.647983256442,15510.0,15510.0
439.0,243.91837481952123,3155.1098110967755,6196.185990035912,6265.785824047791,15861.0,15861.0
440.0,135.54767779182893,6715.3774689510465,4487.684114617905,14775.39073863922,26114.0,26114.0
441.0,62.905327612403674,3682.2019233148358,2452.2866100416572,11449.606139031104,17647.0,17647.0
442.0,35.13169655875201,1603.7718837499524,1041.5735026114187,4071.5229170798766,6752.0,6752.0
443.0,41.7813479658342,2469.0476421181647,1547.5732508770702,6768.597759038931,10827.0,10827.0
445.0,210.8321516088441,3446.9071484689694,2955.481143459244,2911.7795564629428,9525.0,9525.0
446.0,58.21449238789863,2446.1831886642053,2115.770496515589,7180.8318224323075,11801.0,11801.0
447.0,59.49598922824272,3471.772196514502,2127.817963936327,8964.913850320929,14624.0,14624.0
449.0,351.29018515454686,7478.085734858625,6697.566982987651,9390.057096999177,23917.0,24005.0
450.0,144.28892472079502,6715.142088909344,5531.716987559123,14208.85199881074,26600.0,26654.0
451.0,63.000705537964926,2483.265675585648,1646.5308256151966,4760.202793261191,8953.0,8953.0
452.0,179.52464726974193,4890.689158205592,3963.434931240186,9122.35126328448,18156.0,18156.0
455.0,50.05665536329297,2149.8503066088233,1484.1056036525738,5221.987434375311,8906.0,8906.0
456.0,66.07224710055105,3124.3878141445143,1891.9013923850875,7185.638546369847,12268.0,12268.0
457.0,43.19445938467671,1862.4916998592435,1157.1576421995205,3474.1561985565595,6537.0,6537.0
458.0,181.97042252809354,6675.222782808976,4864.742642266416,9675.064152396517,21397.0,21397.0
459.0,170.35383788545496,6576.11486484825,5211.864446713565,9212.66685055273,21171.0,21171.0
462.0,65.10134649187081,3499.653252722027,2426.225059118444,7260.0203416676595,13251.0,13251.0
463.0,78.0456000834564,4314.484777430849,2967.2850211185387,6597.184601367157,13957.0,13957.0
464.0,131.76811052496558,3155.6003004808517,3290.641355256238,6116.990233737944,12695.0,12695.0
465.0,76.90029926676026,3019.1882635370116,2944.546714605269,6193.36472259096,12234.0,12234.0
466.0,68.2025720381625,2914.464536974164,1947.3904204401333,6834.942470547541,11765.0,11765.0
467.0,33.61052168540467,2125.3881725903607,1333.2385353193285,5488.762770404906,8981.0,8981.0
468.0,43.865004777872265,2249.971455136473,1547.323954539483,5755.839585546172,9597.0,9597.0
469.0,60.59959664722474,2611.184390440886,2676.930358264837,7560.285654647052,12909.0,12909.0
470.0,52.91019167474653,2292.4031205234323,2229.9468781285877,6095.739809673234,10671.0,10671.0
471.0,25.144586219570552,1670.0596053386198,1716.5148035244088,5824.2810049174,9236.0,9236.0
472.0,107.73603353243524,3689.7193203661327,3350.833022270211,8758.711623831223,15907.0,15907.0
473.0,93.97858119087164,3446.627794347276,4830.519563531208,10583.874060930644,18955.0,18956.0
474.0,103.72596967961483,4972.475320611988,4996.216454702777,14715.582255005622,24788.0,24805.0
476.0,389.26955355978373,8373.556944608945,8265.905408251658,5843.268093579613,22872.0,22873.0
477.0,83.19632492119804,3338.484478253101,3119.6249534048484,7629.694243420852,14171.0,14189.0
478.0,33.64161794324222,1898.6624250679615,1914.3078858849808,6275.3880711038155,10122.0,10122.0
479.0,51.128665233855514,3413.805387656005,2802.444664868033,8238.621282242106,14506.0,14507.0
480.0,78.98850550864573,3524.0298198396627,2755.064420517727,8039.917254133965,14398.0,14400.0
481.0,162.68945781667233,4168.407368848879,3312.0096542589636,7874.893519075485,15518.0,15518.0
483.0,124.69945339328068,2910.592518377001,2361.0158618001083,2930.6921664296096,8327.0,8338.0
484.0,85.9343290560539,2553.9557576558755,2103.276785169849,5424.833128118222,10168.0,10168.0
485.0,472.4954158791082,6373.275950424182,7650.4358603888395,12172.79277330787,26669.0,26669.0
486.0,157.88938840954745,3633.7306377458362,3713.5164442096966,11042.863529634918,18548.0,18548.0
487.0,169.06641075790142,5194.607192244578,4996.904654710482,14530.421742287037,24891.0,24895.0
488.0,62.002439231474746,2067.491693488041,1697.662748124023,5112.8431191564605,8940.0,8940.0
489.0,114.74303081896556,5752.6113211769725,4729.509824099785,15132.135823904278,25729.0,26919.0
490.0,60.23499144211166,3596.771818670666,2851.3457399825857,8248.647449904636,14757.0,14757.0
491.0,138.80873659643123,6658.204715088183,4789.513221710375,13214.473326605013,24801.0,24912.0
492.0,91.89842658737514,6035.505766326136,3828.8410789357995,10811.75472815069,20768.0,21948.0
494.0,728.8233082162486,10561.869929991954,12733.580411470732,6130.726350321065,30155.0,30163.0
495.0,116.74825712325269,4819.016855678091,4094.564658026223,10806.670229172434,19837.0,19938.0
496.0,199.01442368654457,6391.195283672845,10574.987892172343,15767.802400468267,32933.0,32933.0
497.0,133.20886444477674,5608.521025478127,5303.257053597911,11311.013056479185,22356.0,22859.0
498.0,142.34838461496545,4577.857265863224,5858.259521285531,12077.53482823628,22656.0,22658.0
499.0,157.1832897575003,5833.612257466,7978.826822736535,15309.377630039964,29279.0,29295.0
502.0,149.45772672618602,3610.5306152927647,2624.86526217465,2400.1463958063987,8785.0,16890.0
503.0,401.0433332063343,15084.25289804689,9636.303467693535,16016.40030105324,41138.0,84333.0
504.0,371.54206328022616,11067.353950968745,14044.521732913849,19641.58225283718,45125.0,45214.0
505.0,75.92262636750985,4625.823457263186,6956.141189570066,14204.112726799238,25862.0,25882.0
506.0,257.09799643617777,11818.19401680725,18756.307726603547,19271.400260153023,50103.0,50109.0
509.0,52.890018461465374,3356.4206919574226,3371.1200427119293,8575.569246869183,15356.0,15357.0
511.0,274.74035808974855,13968.040680927672,7532.517378342873,7904.7015826397055,29680.0,29681.0
512.0,191.02077212599602,8370.156452476002,7251.570328143445,11334.252447254557,27147.0,27149.0
513.0,129.96379830539752,6599.157045217492,6269.414862741576,12655.464293735535,25654.0,25734.0
514.0,547.6443048371623,7956.744682202339,13041.97651867428,10697.634494286218,32244.0,32286.0
515.0,75.72180503380235,3709.5290938317175,3393.15978756356,8465.589313570921,15644.0,15651.0
516.0,81.71696120520434,3292.099808469889,2949.1316272558615,5880.051603069046,12203.0,12203.0
517.0,150.47985930931884,5765.24713831111,5689.770748830759,10461.502253548813,22067.0,22089.0
518.0,224.35628935482802,7079.427179922003,5308.763064187464,10009.453466535702,22622.0,22645.0
519.0,104.53818905227864,4100.598942491113,4132.382047701662,7736.480820754947,16074.0,16106.0
520.0,148.67281886852513,4178.176291180343,3899.894588342787,8657.256301608344,16884.0,16896.0
521.0,177.60322671469035,5540.2526366825305,4206.293989275249,8462.85014732753,18387.0,18388.0
522.0,206.48216240205818,6666.666126426225,5737.693242835787,10831.15846833593,23442.0,23466.0
524.0,205.49640524003877,5372.154535012043,3876.780186480386,4725.568873267532,14180.0,14633.0
525.0,181.62456948392418,7550.5422834812,4749.312199989516,10180.52094704536,22662.0,32285.0
527.0,871.0660807466954,26257.01296736693,17852.490740067205,21406.430211819166,66387.0,71723.0
528.0,332.32688767604236,12270.477494048166,6576.023210719162,9587.17240755663,28766.0,65444.0
529.0,455.91690643698536,9678.026182266081,7980.4995561536225,13446.557355143312,31561.0,42774.0
533.0,502.78076848152705,12997.958109075602,9483.873164478986,8127.387957963884,31112.0,45991.0
534.0,220.33357844228266,6870.710506726216,4564.429812103052,7207.526102728449,18863.0,41698.0
535.0,169.98324435310508,4387.400472500754,3382.28490547209,3973.3313776740506,11913.0,12894.0
536.0,84.24734354154249,3350.3749031812085,1572.1857459421994,1494.1920073350495,6501.0,12307.0
538.0,448.9152788187717,12683.804359654607,8000.2248207191,9721.055540807523,30854.0,50213.0
539.0,222.78903565079142,6524.95772370702,4661.827276121953,3546.4259645202355,14956.0,39490.0
540.0,224.22690472753203,6419.287525046141,4810.778875831173,8024.706694395154,19479.0,30379.0
542.0,398.38207188619504,11882.660047734646,9717.24495876129,9576.71292161787,31575.0,31575.0
543.0,247.70644012277418,8547.433058977987,5506.059017622302,8611.801483276937,22913.0,24672.0
544.0,208.26088612410229,10658.943023353128,8222.628881458431,10899.16720906434,29989.0,31447.0
545.0,258.8028878155398,11285.093419435369,9274.908674208527,15306.195018540564,36125.0,36130.0
549.0,250.30308407235526,13124.26505116804,12291.660221913467,19690.771642846135,45357.0,45357.0
550.0,128.50291429249145,4445.346685105105,4800.789733795454,8913.360666806948,18288.0,18853.0
551.0,485.94846206176214,12445.053698821603,11441.953570576256,18832.04426854038,43205.0,43479.0
552.0,51.962740684887805,2630.7458098657235,2239.6442149867485,5632.64723446264,10555.0,10556.0
554.0,1313.2514192740175,21943.301879265946,18917.242792728757,11942.20390873128,54116.0,54137.0
555.0,113.64642741437189,5768.549586957397,4086.053129418029,9504.750856210203,19473.0,19799.0
556.0,150.75209471060387,5516.77826764834,4940.244947978321,9720.224689662737,20328.0,20342.0
557.0,85.65742651289301,3375.978479179078,2260.838161994994,6435.525932313035,12158.0,12166.0
558.0,106.97681140061097,4041.5376914003873,3408.4125816231817,8401.07291557582,15958.0,16046.0
559.0,77.22150670776281,2675.405981382627,1970.6176675797383,6391.754844329873,11115.0,11154.0
560.0,99.89864787435734,3113.1332207185637,2667.454634634516,6079.5134967725635,11960.0,12032.0
561.0,115.92454791161575,2715.3158987531124,3343.4557048208726,5507.303848514399,11682.0,11781.0
562.0,104.56600555552265,3014.371451201561,3317.358815833081,5945.703727409837,12382.0,12655.0
563.0,79.44634680274199,2848.634319804954,2087.8390349624665,6426.080298429838,11442.0,11449.0
564.0,388.9557221425473,6514.343122789858,5853.356612871414,11788.34454219618,24545.0,24550.0
565.0,80.85405209267338,2901.736394900359,1960.9357151667473,6750.473837840221,11694.0,11698.0
566.0,66.20261536981391,2399.597824823105,1665.6295391060664,4983.570020701015,9115.0,9115.0
567.0,104.76567874653053,4187.787605561124,2961.3473396803893,9508.099376011956,16762.0,16955.0
568.0,273.7113324364158,6759.234585098348,5745.770381552618,12427.283700912618,25206.0,25228.0
569.0,127.6807966902677,3839.6397244587556,3010.659665053122,7304.019813797855,14282.0,14344.0
570.0,62.527692127166404,2442.9587970923426,1715.89262972477,5942.620881055721,10164.0,10164.0
572.0,338.89923380579745,4289.558284504762,7697.163094202243,3685.379387487197,16011.0,16011.0
573.0,177.6913382757202,7235.5061046149585,5474.416236404938,10653.386320704383,23541.0,23541.0
574.0,143.74146463994327,4772.913331873911,5093.634308420001,11146.710895066146,21157.0,21158.0
575.0,91.05173234069186,3003.9043860014017,2453.5859091998805,6481.457972458027,12030.0,12049.0
576.0,122.91376692507012,5240.227509233597,4934.570287360722,5967.2884364806105,16265.0,16265.0
577.0,130.82962341076131,4915.595825925453,4054.420627992826,8273.15392267096,17374.0,18462.0
578.0,44.28920408759332,2245.0868279463357,1818.5243562026915,6218.0996117633795,10326.0,10326.0
579.0,155.96496653216693,4604.685919304421,6431.548024627275,13353.801089536137,24546.0,24546.0
580.0,228.39919131912606,4793.592332405618,5975.864034976028,9684.144441299226,20682.0,20690.0
581.0,58.13629181243658,2268.3304989787603,2752.8855059155053,6765.647703293298,11845.0,12524.0
582.0,69.46788923339805,2585.470950334833,3372.060649364382,8612.000511067386,14639.0,14680.0
583.0,159.8165980679282,4409.868779819582,5754.440943884734,9996.873678227756,20321.0,20323.0
584.0,207.03338883334612,3398.338677528949,4315.020594101221,7069.607339536484,14990.0,15244.0
585.0,220.46018371896022,5923.606199884721,5526.29269610672,9928.6409202896,21599.0,21599.0
586.0,341.8791817489249,5850.346979991572,6694.98048731702,10343.793350942482,23231.0,23251.0
587.0,196.28868396986223,4215.851639749961,5219.595426326491,8918.264249953685,18550.0,18556.0
588.0,184.44073828055744,4395.312352313166,4556.825548996095,6752.421360410181,15889.0,15976.0
590.0,1125.7712628138331,15845.757028670125,14209.948282354353,9915.523426161688,41097.0,41104.0
591.0,306.14647637552184,8277.021677362414,7715.233934018066,10605.597912243997,26904.0,26906.0
592.0,146.7964693089002,4272.089698039293,4980.295732855002,9458.818099796805,18858.0,18860.0
593.0,51.13845303148484,2722.461107165289,2459.7983762490962,5914.60206355413,11148.0,11154.0
594.0,355.10811715100317,8620.841067654988,6572.178437775472,7718.872377418536,23267.0,23276.0
595.0,286.57311994268764,9325.047570167253,6781.149820114411,11662.22948977565,28055.0,28153.0
597.0,2787.000377616763,68174.11948069904,48080.34297860226,38871.53716308193,157913.0,157918.0
600.0,582.1617779474856,6884.034951549037,10491.140171512852,4533.663098990624,22491.0,22502.0
601.0,304.8741090187479,6340.1534642502575,8417.804526887838,12071.16789984316,27134.0,27172.0
602.0,137.40882315106992,3832.0701231731055,5292.919439391115,10552.60161428471,19815.0,19815.0
603.0,323.55700701461376,8623.359242660075,10295.634484192144,15759.449266133168,35002.0,35114.0
604.0,102.94494132642305,3230.532283090849,4138.120316957574,9195.402458625153,16667.0,16698.0
605.0,77.93369330749081,3030.416309293748,4616.350067771324,9573.29992962744,17298.0,17308.0
606.0,105.79422040410044,3584.613410034686,5299.165977198055,12063.426392363159,21053.0,21056.0
607.0,209.14085964981365,6918.07999050439,7691.953905548084,16681.82524429771,31501.0,31505.0
608.0,48.678518178861985,2072.362344115967,2842.7488760283613,6911.21026167681,11875.0,11928.0
609.0,215.49670666572274,5184.509700023614,5754.077837044539,10874.915756266124,22029.0,22041.0
610.0,386.03451657983334,8925.964770413266,10070.200989798399,20136.799723208504,39519.0,39572.0
611.0,312.0001097809236,6309.0087432989385,9726.579927631956,13800.411219288182,30148.0,30148.0
612.0,211.0615607016646,6349.661008583318,8154.666865295039,15955.610565419978,30671.0,30702.0
613.0,41.19386873012592,1354.7182292592086,1827.4215086737977,4023.666393336868,7247.0,7247.0
614.0,209.12912783018473,7827.971371203579,7549.994926281307,12391.90457468493,27979.0,28004.0
615.0,410.05381611197714,7696.220140533281,11273.653997908417,13074.072045446324,32454.0,32519.0
617.0,439.99534105414796,13341.718496977555,18621.391588154675,14257.894573813623,46661.0,46661.0
618.0,162.96578174236427,5380.713609384759,5758.665797194779,8775.654811678098,20078.0,20078.0
620.0,966.4117137957043,22143.23280601794,18152.378370008028,29156.97711017833,70419.0,73127.0
622.0,258.55375401834726,5001.895066182216,4248.441845072099,5737.109334727337,15246.0,20234.0
623.0,482.6583107375955,11939.215581795668,11178.176974539576,13117.94913292716,36718.0,44489.0
628.0,562.5730548512576,10828.263904746518,10237.704404633838,15595.458635768384,37224.0,53611.0
630.0,1367.0629111172398,26489.05171205272,26398.18195976789,23823.703417062152,78078.0,85915.0
631.0,651.777443193582,15696.661174722938,13796.26394036367,15087.297441719811,45232.0,81733.0
632.0,329.2623189237296,11628.74246638692,8872.239017907998,20228.756196781353,41059.0,50172.0
633.0,135.58194000441284,7164.669971533376,6366.766295802835,13647.981792659375,27315.0,27324.0
634.0,321.53305035358596,9529.637382786266,13872.273719440596,18953.55584741955,42677.0,42685.0
636.0,1434.5815842418538,41069.93449087594,30723.471003947896,30504.012920934307,103732.0,103740.0
637.0,525.9679487658335,12815.141470760766,12557.532936019104,21868.357644454296,47767.0,47788.0
639.0,758.2155167446862,22861.593508662758,21432.8343510777,19073.356623514854,64126.0,64132.0
642.0,552.478488548255,19280.50547309678,23048.869697092654,20232.146341262312,63114.0,63115.0
644.0,263.47316232233646,15781.572432213801,12487.315755149528,15947.638650314333,44480.0,44517.0
645.0,192.31706278634974,10903.59526643315,6316.870528543256,7225.217142237242,24638.0,24638.0
646.0,236.33307914280098,10305.411775522192,10883.662286704974,13239.592858630032,34665.0,34665.0
648.0,144.37511039032435,5745.063899637627,7243.554649310388,5340.006340661661,18473.0,18473.0
649.0,403.9023737315715,15161.793874399313,18039.911689203913,20424.3920626652,54030.0,54038.0
650.0,280.18356720803394,8549.274389492726,7488.378756875324,13727.163286423915,30045.0,30048.0
653.0,131.22594284329398,5095.68951611803,4657.678888252041,8721.405652786634,18606.0,18607.0
654.0,280.38860693942854,7525.383832915927,8677.941333089337,7332.286227055306,23816.0,23819.0
656.0,486.94762125909216,13649.812142453027,21585.05576531063,24802.18447097725,60524.0,60530.0
657.0,81.4915381131633,2786.7519047162727,3363.4310446651502,7107.325512505413,13339.0,13341.0
658.0,115.33657115350375,2396.5281442701908,3022.8264656713645,5809.30881890494,11344.0,11453.0
659.0,147.19601137135598,4717.0668863576275,6481.502136521988,10148.234965749029,21494.0,21544.0
660.0,484.9648799279467,11542.648786880247,12695.14522694843,22861.241106243375,47584.0,47754.0
662.0,268.0438053518094,7885.130895567929,4187.348930633213,6977.476368447048,19318.0,19323.0
663.0,416.76140623925215,6824.246538734055,9776.356970309607,13470.635084717087,30488.0,30603.0
664.0,2920.9860229836377,67306.06524306221,58285.33796007776,45018.61077387638,173531.0,173588.0
665.0,321.3820572105984,11936.715241542432,8091.2455112739,14939.65718997307,35289.0,39262.0
666.0,189.61326999901152,4229.416614774814,4524.602249368498,8128.367865857677,17072.0,19592.0
667.0,168.90772208547185,4846.068539291772,5153.8012963425235,9490.222442280232,19659.0,20709.0
668.0,101.82466356908309,3350.416776659515,3951.618680032402,8087.139879738999,15491.0,15520.0
670.0,787.2680544412477,10304.544631956154,10605.273158291866,7745.914155310733,29443.0,29487.0
671.0,280.88978411827736,6601.041728395985,7282.458273492455,12409.610213993281,26574.0,26712.0
672.0,64.22759102197992,3128.8210664469343,3515.9873147369926,10146.964027794093,16856.0,16869.0
673.0,83.89190444821601,3446.0666356137385,3788.75120023385,10733.290259704194,18052.0,18068.0
674.0,93.58018438231328,4747.186514861218,4933.780061597054,14110.453239159415,23885.0,23886.0
675.0,95.31923888852583,3924.2984474465466,4514.7876020385165,12635.59471162641,21170.0,21172.0
676.0,102.86648184922596,5023.616414413673,5739.748508363888,16121.768595373213,26988.0,26993.0
677.0,508.1557776165784,5272.6690829613035,10066.83255305279,3251.342586369328,19099.0,19101.0
678.0,216.92097548014624,8298.717475320278,10193.32529901962,22908.036250179954,41617.0,41659.0
679.0,69.397475257449,3392.1191694465606,3606.11704673691,9589.36630855908,16657.0,16683.0
680.0,133.66489648876654,4118.35243247974,5151.440929127418,9365.541741904075,18769.0,19099.0
681.0,409.1745322097939,7599.7538092988225,8709.955807349615,13895.115851141767,30614.0,36385.0
682.0,1028.0848158729414,21331.469895474576,20587.915319153806,23239.52996949868,66187.0,89971.0
685.0,326.07969114353006,6947.320755785464,5566.611022772529,9043.988530298477,21884.0,38465.0
686.0,116.2891816765121,4736.590225052967,4626.823467032236,11508.297126238285,20988.0,22624.0
687.0,85.06671031663123,4792.222332552194,4717.04191083971,8070.669046291465,17665.0,17684.0
688.0,94.57397575613389,4011.987975770141,4594.051494194414,8418.386554279312,17119.0,17119.0
689.0,65.2255621741472,2677.462896521112,3159.971935094159,5859.339606210582,11762.0,12465.0
690.0,140.2880692836624,4516.165472712759,4774.814483942685,8534.731974060893,17966.0,18722.0
691.0,330.7736915611261,9463.332316811959,10889.613203778546,17718.28078784837,38402.0,38758.0
693.0,812.0802406006379,19601.579003088762,21120.482036579426,18096.85871973117,59631.0,59715.0
694.0,414.4800666628266,12432.072774171625,13013.314599593301,19409.132559572245,45269.0,51828.0
695.0,105.74438078862491,2733.043655227696,4143.410175453398,4362.801788530282,11345.0,11366.0
696.0,40.875441786490846,1729.2888649142626,2499.4248388652823,4670.410854433964,8940.0,8959.0
697.0,142.65858581121608,4606.926099282628,5286.92288057804,10646.492434328116,20683.0,20694.0
698.0,238.0470428088534,3416.015465747294,7970.016344729946,9383.921146713907,21008.0,21013.0
699.0,90.07340107619345,2969.535729068607,2810.76916416929,5951.6217056859105,11822.0,11822.0
700.0,17.634545488014595,1018.5275211656269,1137.8319850326336,2289.005948313725,4463.0,4463.0
701.0,55.62333112559821,3311.068301933344,3003.6556209368146,6020.652746004243,12391.0,12392.0
702.0,23.21779916742609,1356.062990271444,1498.2426066808498,3736.4766038802804,6614.0,6614.0
